dataset,n_qubits,seed,k,moment,accuracy,balanced,f1
EColi,4,0,8,second_moment,0.9087779690189329,0.7375230566534914,0.5891472868217055
EColi,4,0,8,covariance,0.891566265060241,0.6651778656126481,0.46153846153846156
EColi,4,0,16,second_moment,0.9122203098106713,0.7508563899868248,0.6106870229007634
EColi,4,0,16,covariance,0.9173838209982789,0.8049275362318841,0.6712328767123288
EColi,4,0,32,second_moment,0.9328743545611016,0.8138208168642951,0.7153284671532847
EColi,4,0,32,covariance,0.9397590361445783,0.863201581027668,0.7651006711409396
EColi,4,0,50,second_moment,0.9414802065404475,0.8414756258234519,0.7571428571428571
EColi,4,0,50,covariance,0.9380378657487092,0.8338208168642951,0.7428571428571429
EColi,4,0,64,second_moment,0.9380378657487092,0.8394993412384717,0.7464788732394366
EColi,4,0,64,covariance,0.9345955249569707,0.8375230566534915,0.7361111111111112
EColi,4,0,128,second_moment,0.9432013769363167,0.8538208168642951,0.7692307692307693
EColi,4,0,128,covariance,0.9432013769363167,0.8538208168642951,0.7692307692307693
EColi,4,1,8,second_moment,0.8950086058519794,0.7053581059216912,0.5196850393700787
EColi,4,1,8,covariance,0.9173838209982789,0.7943992018121022,0.6571428571428571
EColi,4,1,16,second_moment,0.9053356282271945,0.7523190594326394,0.5925925925925926
EColi,4,1,16,covariance,0.9173838209982789,0.8002642649120915,0.6619718309859155
EColi,4,1,32,second_moment,0.9173838209982789,0.8061293280120807,0.6666666666666666
EColi,4,1,32,covariance,0.9208261617900172,0.8022327688490993,0.6714285714285714
EColi,4,1,50,second_moment,0.9173838209982789,0.81199439111207,0.6712328767123288
EColi,4,1,50,covariance,0.9070567986230637,0.7474382483011541,0.5909090909090909
EColi,4,1,64,second_moment,0.9156626506024096,0.811010139143566,0.6666666666666666
EColi,4,1,64,covariance,0.9173838209982789,0.788534138712113,0.6521739130434783
EColi,4,1,128,second_moment,0.9173838209982789,0.7943992018121022,0.6571428571428571
EColi,4,1,128,covariance,0.9104991394148021,0.7904621939380865,0.6388888888888888
EColi,4,2,8,second_moment,0.8812392426850258,0.6867291271347249,0.5035971223021583
EColi,4,2,8,covariance,0.9139414802065404,0.744876660341556,0.6323529411764706
EColi,4,2,16,second_moment,0.9053356282271945,0.7398363377609107,0.6099290780141844
EColi,4,2,16,covariance,0.919104991394148,0.8015180265654649,0.6967741935483871
EColi,4,2,32,second_moment,0.9345955249569707,0.8252134724857685,0.75
EColi,4,2,32,covariance,0.927710843373494,0.7968097722960152,0.7123287671232876
EColi,4,2,50,second_moment,0.9173838209982789,0.7761385199240987,0.6712328767123288
EColi,4,2,50,covariance,0.9156626506024096,0.7653818785578748,0.6573426573426573
EColi,4,2,64,second_moment,0.9173838209982789,0.7761385199240987,0.6712328767123288
EColi,4,2,64,covariance,0.919104991394148,0.7722722960151802,0.6713286713286714
EColi,4,2,128,second_moment,0.9208261617900172,0.7879032258064516,0.6891891891891891
EColi,4,2,128,covariance,0.9242685025817556,0.7947936432637571,0.7027027027027027
EColi,4,3,8,second_moment,0.8932874354561101,0.686292987109684,0.5230769230769231
EColi,4,3,8,covariance,0.9139414802065404,0.7836683884778259,0.6753246753246753
EColi,4,3,16,second_moment,0.9036144578313253,0.7207757457303736,0.5882352941176471
EColi,4,3,16,covariance,0.9139414802065404,0.7931383498534134,0.6835443037974683
EColi,4,3,32,second_moment,0.9139414802065404,0.7884033691656196,0.6794871794871795
EColi,4,3,32,covariance,0.9122203098106713,0.7873912234166318,0.6751592356687898
EColi,4,3,50,second_moment,0.9173838209982789,0.8046326027269766,0.7
EColi,4,3,50,covariance,0.9156626506024096,0.7894155149146075,0.6838709677419355
EColi,4,3,64,second_moment,0.9053356282271945,0.7786076597328866,0.6540880503144654
EColi,4,3,64,covariance,0.9156626506024096,0.7941504956024013,0.6878980891719745
EColi,4,3,128,second_moment,0.9122203098106713,0.7779212620410443,0.6666666666666666
EColi,4,3,128,covariance,0.9139414802065404,0.7789334077900321,0.6710526315789473
EColi,4,4,8,second_moment,0.9018932874354562,0.7741563710123548,0.6459627329192547
EColi,4,4,8,covariance,0.9053356282271945,0.8228609625668449,0.6927374301675978
EColi,4,4,16,second_moment,0.8950086058519794,0.7700995758805089,0.6303030303030303
EColi,4,4,16,covariance,0.9173838209982789,0.815957495851005,0.7108433734939759
EColi,4,4,32,second_moment,0.8932874354561101,0.7550825189009773,0.6125
EColi,4,4,32,covariance,0.9259896729776248,0.8163608703669556,0.7295597484276729
EColi,4,4,50,second_moment,0.9208261617900172,0.817985893416928,0.7195121951219512
EColi,4,4,50,covariance,0.927710843373494,0.8220426885487737,0.7375
EColi,4,4,64,second_moment,0.9225473321858864,0.8003296146044625,0.7096774193548387
EColi,4,4,64,covariance,0.9242685025817556,0.8153466715839941,0.725
EColi,4,4,128,second_moment,0.9225473321858864,0.8049972340033191,0.7133757961783439
EColi,4,4,128,covariance,0.9225473321858864,0.8049972340033191,0.7133757961783439
EColi,6,0,8,second_moment,0.8984509466437177,0.7088801054018445,0.5354330708661418
EColi,6,0,8,covariance,0.9156626506024096,0.752832674571805,0.6201550387596899
EColi,6,0,16,second_moment,0.9001721170395869,0.7098682476943347,0.5396825396825397
EColi,6,0,16,covariance,0.9225473321858864,0.7681422924901187,0.6511627906976745
EColi,6,0,32,second_moment,0.919104991394148,0.7548089591567853,0.6299212598425197
EColi,6,0,32,covariance,0.927710843373494,0.7767852437417655,0.671875
EColi,6,0,50,second_moment,0.9173838209982789,0.7878919631093544,0.6571428571428571
EColi,6,0,50,covariance,0.9328743545611016,0.7967852437417655,0.7022900763358778
EColi,6,0,64,second_moment,0.9363166953528399,0.8328326745718051,0.7375886524822695
EColi,6,0,64,covariance,0.9345955249569707,0.8034519104084321,0.7121212121212122
EColi,6,0,128,second_moment,0.9432013769363167,0.8481422924901185,0.7659574468085106
EColi,6,0,128,covariance,0.9259896729776248,0.8098682476943346,0.6950354609929078
EColi,6,1,8,second_moment,0.9001721170395869,0.7259060511271707,0.5538461538461539
EColi,6,1,8,covariance,0.9001721170395869,0.7376361773271491,0.5671641791044776
EColi,6,1,16,second_moment,0.8932874354561101,0.6985087908531982,0.5079365079365079
EColi,6,1,16,covariance,0.9104991394148021,0.7611368784381405,0.6119402985074627
EColi,6,1,32,second_moment,0.9139414802065404,0.7689704454751375,0.6268656716417911
EColi,6,1,32,covariance,0.9156626506024096,0.7758197605436307,0.6370370370370371
EColi,6,1,50,second_moment,0.9018932874354562,0.7738108078955883,0.6068965517241379
EColi,6,1,50,covariance,0.9070567986230637,0.7826286269010894,0.625
EColi,6,1,64,second_moment,0.9036144578313253,0.7571998705641247,0.5942028985507246
EColi,6,1,64,covariance,0.9122203098106713,0.7679861935066336,0.6222222222222222
EColi,6,1,128,second_moment,0.9225473321858864,0.797351957717614,0.6715328467153284
EColi,6,1,128,covariance,0.9104991394148021,0.778732067738108,0.6285714285714286
EColi,6,2,8,second_moment,0.9036144578313253,0.7437025616698292,0.6111111111111112
EColi,6,2,8,covariance,0.8932874354561101,0.7132827324478178,0.5571428571428572
EColi,6,2,16,second_moment,0.9036144578313253,0.763199715370019,0.631578947368421
EColi,6,2,16,covariance,0.9122203098106713,0.7536171726755219,0.6382978723404256
EColi,6,2,32,second_moment,0.9139414802065404,0.7692481024667932,0.6575342465753424
EColi,6,2,32,covariance,0.9122203098106713,0.7536171726755219,0.6382978723404256
EColi,6,2,50,second_moment,0.9173838209982789,0.7761385199240987,0.6712328767123288
EColi,6,2,50,covariance,0.9225473321858864,0.7889112903225806,0.6938775510204082
EColi,6,2,64,second_moment,0.9087779690189329,0.7564753320683112,0.6344827586206897
EColi,6,2,64,covariance,0.9104991394148021,0.7526091081593929,0.6338028169014085
EColi,6,2,128,second_moment,0.9173838209982789,0.7761385199240987,0.6712328767123288
EColi,6,2,128,covariance,0.9087779690189329,0.7662239089184061,0.6442953020134228
EColi,6,3,8,second_moment,0.8502581755593803,0.6231094978826376,0.37410071942446044
EColi,6,3,8,covariance,0.8709122203098106,0.6684001116850482,0.46808510638297873
EColi,6,3,16,second_moment,0.8760757314974182,0.6951114523709805,0.5135135135135135
EColi,6,3,16,covariance,0.9036144578313253,0.7444506491693424,0.6164383561643836
EColi,6,3,32,second_moment,0.9036144578313253,0.7397156684815487,0.6111111111111112
EColi,6,3,32,covariance,0.8984509466437177,0.7556191539857602,0.6193548387096774
EColi,6,3,50,second_moment,0.9208261617900172,0.7877169714737773,0.6933333333333334
EColi,6,3,50,covariance,0.9001721170395869,0.7424263576713668,0.6081081081081081
EColi,6,3,64,second_moment,0.9104991394148021,0.7816440969798502,0.6666666666666666
EColi,6,3,64,covariance,0.9036144578313253,0.7397156684815487,0.6111111111111112
EColi,6,3,128,second_moment,0.9104991394148021,0.8053190004188189,0.6867469879518072
EColi,6,3,128,covariance,0.9104991394148021,0.7721741356042626,0.6578947368421053
EColi,6,4,8,second_moment,0.8691910499139415,0.6802046837543795,0.4864864864864865
EColi,6,4,8,covariance,0.8812392426850258,0.7059745528305366,0.5369127516778524
EColi,6,4,16,second_moment,0.8588640275387264,0.6741194910566107,0.4675324675324675
EColi,6,4,16,covariance,0.8709122203098106,0.7045569795316245,0.5222929936305732
EColi,6,4,32,second_moment,0.8640275387263339,0.6771620874054951,0.4768211920529801
EColi,6,4,32,covariance,0.9053356282271945,0.7901876267748479,0.6666666666666666
EColi,6,4,50,second_moment,0.8760757314974182,0.7309376728747925,0.5609756097560976
EColi,6,4,50,covariance,0.9087779690189329,0.7968836437396275,0.6787878787878788
EColi,6,4,64,second_moment,0.8898450946643718,0.7577217407339112,0.6097560975609756
EColi,6,4,64,covariance,0.9053356282271945,0.7761847685782777,0.6540880503144654
EColi,6,4,128,second_moment,0.9139414802065404,0.8045938594873686,0.6951219512195121
EColi,6,4,128,covariance,0.9087779690189329,0.7922160243407708,0.6748466257668712
20News,4,0,8,second_moment,0.7346938775510204,0.725202967525196,0.7726550079491256
20News,4,0,8,covariance,0.7272727272727273,0.7152435610302352,0.7699530516431925
20News,4,0,16,second_moment,0.764378478664193,0.7582796752519597,0.7941653160453809
20News,4,0,16,covariance,0.7717996289424861,0.7605123180291153,0.8075117370892019
20News,4,0,32,second_moment,0.7829313543599258,0.7766587346024636,0.8109854604200323
20News,4,0,32,covariance,0.7699443413729128,0.7627309630459127,0.8006430868167203
20News,4,0,50,second_moment,0.7847866419294991,0.7754059350503919,0.8164556962025317
20News,4,0,50,covariance,0.7773654916512059,0.7746220604703247,0.8013245033112583
20News,4,0,64,second_moment,0.7810760667903525,0.7716335386338187,0.8132911392405063
20News,4,0,64,covariance,0.7866419294990723,0.7818798992161253,0.8123980424143556
20News,4,0,128,second_moment,0.7829313543599258,0.7776245800671893,0.8097560975609757
20News,4,0,128,covariance,0.7922077922077922,0.7882628779395296,0.8163934426229508
20News,4,1,8,second_moment,0.6790352504638218,0.6640819291921647,0.7334360554699538
20News,4,1,8,covariance,0.686456400742115,0.6734288987621203,0.7363494539781591
20News,4,1,16,second_moment,0.7142857142857143,0.7041663173778188,0.7555555555555555
20News,4,1,16,covariance,0.7291280148423006,0.7183195014949563,0.7697160883280757
20News,4,1,32,second_moment,0.7421150278293135,0.737174113504904,0.7717569786535303
20News,4,1,32,covariance,0.7402597402597403,0.7346103333612765,0.7712418300653595
20News,4,1,50,second_moment,0.7439703153988868,0.73655936513259,0.7774193548387097
20News,4,1,50,covariance,0.7495361781076066,0.7442507055634728,0.779050736497545
20News,4,1,64,second_moment,0.7569573283858998,0.7504191466174868,0.7876823338735819
20News,4,1,64,covariance,0.7476808905380334,0.7403246989130131,0.7806451612903226
20News,4,1,128,second_moment,0.7588126159554731,0.7534370022633917,0.7875816993464052
20News,4,1,128,covariance,0.7569573283858998,0.7513272976220415,0.7862969004893964
20News,4,2,8,second_moment,0.7142857142857143,0.7032492807581655,0.7578616352201258
20News,4,2,8,covariance,0.725417439703154,0.715821910080668,0.7658227848101266
20News,4,2,16,second_moment,0.7495361781076066,0.7501833361538895,0.7746243739565943
20News,4,2,16,covariance,0.7365491651205937,0.7319061318892086,0.7694805194805194
20News,4,2,32,second_moment,0.7662337662337663,0.7611411970440571,0.7967741935483871
20News,4,2,32,covariance,0.7291280148423006,0.7254752637220059,0.761437908496732
20News,4,2,50,second_moment,0.7662337662337663,0.7605559316297175,0.797427652733119
20News,4,2,50,covariance,0.7495361781076066,0.7455012128391718,0.7804878048780488
20News,4,2,64,second_moment,0.7402597402597403,0.7345363005584701,0.7741935483870968
20News,4,2,64,covariance,0.7662337662337663,0.7605559316297175,0.797427652733119
20News,4,2,128,second_moment,0.7551020408163265,0.7520801602075928,0.7843137254901961
20News,4,2,128,covariance,0.7588126159554731,0.7552955942911942,0.7882736156351792
20News,4,3,8,second_moment,0.7365491651205937,0.7302927927927928,0.7679738562091504
20News,4,3,8,covariance,0.7068645640074211,0.6977394060727394,0.7476038338658147
20News,4,3,16,second_moment,0.7458256029684601,0.743528250472695,0.7681895093062606
20News,4,3,16,covariance,0.7291280148423006,0.7239044600155711,0.759075907590759
20News,4,3,32,second_moment,0.7402597402597403,0.7362501390279168,0.7666666666666667
20News,4,3,32,covariance,0.7421150278293135,0.738307752196641,0.7679465776293823
20News,4,3,50,second_moment,0.7606679035250464,0.7574101879657436,0.7839195979899497
20News,4,3,50,covariance,0.7532467532467533,0.7502850072294517,0.7764705882352941
20News,4,3,64,second_moment,0.7810760667903525,0.7778333889445002,0.802675585284281
20News,4,3,64,covariance,0.7439703153988868,0.7422074852630408,0.7653061224489796
20News,4,3,128,second_moment,0.7680890538033395,0.7649037926815705,0.7906197654941374
20News,4,3,128,covariance,0.7717996289424861,0.7693874429985541,0.7925801011804384
20News,4,4,8,second_moment,0.712430426716141,0.702159977703456,0.7543581616481775
20News,4,4,8,covariance,0.7217068645640075,0.7088768115942029,0.7670807453416149
20News,4,4,16,second_moment,0.738404452690167,0.7333821070234114,0.7677100494233937
20News,4,4,16,covariance,0.7217068645640075,0.7133988294314382,0.7588424437299035
20News,4,4,32,second_moment,0.7458256029684601,0.7392488851727983,0.7772357723577236
20News,4,4,32,covariance,0.7328385899814471,0.7263099219620959,0.7654723127035831
20News,4,4,50,second_moment,0.738404452690167,0.7300933667781494,0.7736757624398074
20News,4,4,50,covariance,0.7495361781076066,0.7438266443701227,0.779050736497545
20News,4,4,64,second_moment,0.7736549165120594,0.7647435897435897,0.8057324840764332
20News,4,4,64,covariance,0.7606679035250464,0.7538600891861762,0.7909238249594813
20News,4,4,128,second_moment,0.7755102040816326,0.7697045707915273,0.802610114192496
20News,4,4,128,covariance,0.7829313543599258,0.7776268115942029,0.8085106382978723
20News,6,0,8,second_moment,0.647495361781076,0.6305151175811871,0.709480122324159
20News,6,0,8,covariance,0.6289424860853432,0.6116531354983203,0.6941896024464832
20News,6,0,16,second_moment,0.6753246753246753,0.6590495520716686,0.7320061255742726
20News,6,0,16,covariance,0.6586270871985158,0.6423152295632699,0.7177914110429447
20News,6,0,32,second_moment,0.6938775510204082,0.6837066069428892,0.7376788553259142
20News,6,0,32,covariance,0.7179962894248608,0.7113661814109742,0.7532467532467533
20News,6,0,50,second_moment,0.7551020408163265,0.7500559910414334,0.7843137254901961
20News,6,0,50,covariance,0.7421150278293135,0.7361282194848824,0.7739837398373983
20News,6,0,64,second_moment,0.7161410018552876,0.7097214445688689,0.751219512195122
20News,6,0,64,covariance,0.738404452690167,0.7333216685330347,0.7692307692307693
20News,6,0,128,second_moment,0.7680890538033395,0.7635008398656216,0.795417348608838
20News,6,0,128,covariance,0.764378478664193,0.7611772116461366,0.7900826446280992
20News,6,1,8,second_moment,0.6827458256029685,0.6673931874703104,0.7373271889400922
20News,6,1,8,covariance,0.6289424860853432,0.6148391874144242,0.6884735202492211
20News,6,1,16,second_moment,0.6938775510204082,0.6805054908206891,0.7433903576982893
20News,6,1,16,covariance,0.6827458256029685,0.6683013384748652,0.7357032457496137
20News,6,1,32,second_moment,0.725417439703154,0.7109215636963143,0.7723076923076924
20News,6,1,32,covariance,0.7235621521335807,0.7088118590549641,0.7711213517665131
20News,6,1,50,second_moment,0.7421150278293135,0.7312711319752982,0.7811023622047244
20News,6,1,50,covariance,0.7198515769944341,0.7091332047950373,0.7614533965244866
20News,6,1,64,second_moment,0.75139146567718,0.741365579679772,0.7879746835443038
20News,6,1,64,covariance,0.7402597402597403,0.7282532763293934,0.78125
20News,6,1,128,second_moment,0.7792207792207793,0.7675622432726967,0.8143525741029641
20News,6,1,128,covariance,0.7569573283858998,0.7454243160924358,0.7949921752738655
20News,6,2,8,second_moment,0.6753246753246753,0.6624640379082756,0.7261345852895149
20News,6,2,8,covariance,0.673469387755102,0.658515259209116,0.7275541795665634
20News,6,2,16,second_moment,0.6920222634508348,0.6804450837705196,0.7389937106918238
20News,6,2,16,covariance,0.6938775510204082,0.6855643932983584,0.736
20News,6,2,32,second_moment,0.7291280148423006,0.7248899983076662,0.762214983713355
20News,6,2,32,covariance,0.7439703153988868,0.7389222654707508,0.7766990291262136
20News,6,2,50,second_moment,0.7458256029684601,0.7422857787555706,0.7765089722675367
20News,6,2,50,covariance,0.75139146567718,0.7476941952953122,0.7817589576547231
20News,6,2,64,second_moment,0.7588126159554731,0.7535397980481751,0.7903225806451613
20News,6,2,64,covariance,0.7606679035250464,0.7557327805043155,0.7915993537964459
20News,6,2,128,second_moment,0.764378478664193,0.7571924183448976,0.7974481658692185
20News,6,2,128,covariance,0.764378478664193,0.758362949173577,0.7961476725521669
20News,6,3,8,second_moment,0.6512059369202227,0.6404320987654322,0.7025316455696202
20News,6,3,8,covariance,0.6382189239332097,0.6230814147480814,0.7022900763358778
20News,6,3,16,second_moment,0.6846011131725418,0.6741533199866533,0.7310126582278481
20News,6,3,16,covariance,0.6660482374768089,0.6524719163608053,0.7222222222222222
20News,6,3,32,second_moment,0.7328385899814471,0.7254407184962741,0.7669902912621359
20News,6,3,32,covariance,0.6808905380333952,0.6718802135468802,0.7243589743589743
20News,6,3,50,second_moment,0.738404452690167,0.7341925258591925,0.7653910149750416
20News,6,3,50,covariance,0.7439703153988868,0.7377863975086197,0.7745098039215687
20News,6,3,64,second_moment,0.7495361781076066,0.7480119007896786,0.7700170357751278
20News,6,3,64,covariance,0.7773654916512059,0.7704023467912358,0.8058252427184466
20News,6,3,128,second_moment,0.7532467532467533,0.7488113113113113,0.7794361525704809
20News,6,3,128,covariance,0.738404452690167,0.7338241018796574,0.7661691542288557
20News,6,4,8,second_moment,0.6363636363636364,0.6290760869565217,0.6797385620915033
20News,6,4,8,covariance,0.6660482374768089,0.6562430323299888,0.7124600638977636
20News,6,4,16,second_moment,0.7068645640074211,0.6996098104793758,0.7435064935064936
20News,6,4,16,covariance,0.6808905380333952,0.6708542363433668,0.7261146496815286
20News,6,4,32,second_moment,0.7179962894248608,0.7104654403567447,0.7540453074433657
20News,6,4,32,covariance,0.7235621521335807,0.7167154403567447,0.7577235772357723
20News,6,4,50,second_moment,0.75139146567718,0.7454988851727982,0.7810457516339869
20News,6,4,50,covariance,0.7532467532467533,0.7488154960981048,0.7801652892561983
20News,6,4,64,second_moment,0.7662337662337663,0.7609322742474917,0.7934426229508197
20News,6,4,64,covariance,0.7551020408163265,0.7492544593088071,0.7843137254901961
20News,6,4,128,second_moment,0.7922077922077922,0.7884545707915274,0.8145695364238411
20News,6,4,128,covariance,0.7866419294990723,0.7830267558528428,0.8092868988391376
