dataset,seed,k,p,C,mean_weight,coef_norm,balanced,f1
EColi,0,4,0.0,0.01,2.0,0.8912716514644541,0.5,0.0
EColi,0,4,0.0,0.1,2.0,1.8047317550211617,0.5854281949934124,0.28865979381443296
EColi,0,4,0.0,1.0,2.0,2.734461891903405,0.6365349143610013,0.4
EColi,0,4,0.05,0.01,2.0,0.8816016433000569,0.5,0.0
EColi,0,4,0.05,0.1,2.0,1.8122461496473166,0.5854281949934124,0.28865979381443296
EColi,0,4,0.05,1.0,2.0,3.039717446690081,0.6298682476943347,0.38596491228070173
EColi,0,4,0.1,0.01,2.0,0.8668730295163196,0.5,0.0
EColi,0,4,0.1,0.1,2.0,1.8298369767158422,0.5597496706192359,0.21739130434782608
EColi,0,4,0.1,1.0,2.0,3.2654098103841784,0.5977733860342556,0.32
EColi,0,4,0.2,0.01,2.0,0.8363858459176617,0.5,0.0
EColi,0,4,0.2,0.1,2.0,1.8652535571161544,0.5397496706192358,0.15730337078651685
EColi,0,4,0.2,1.0,2.0,2.7859934043885506,0.5957971014492753,0.3137254901960784
EColi,0,4,0.3,0.01,2.0,0.8110471552737805,0.5,0.0
EColi,0,4,0.3,0.1,2.0,1.8987300562883282,0.5,0.0
EColi,0,4,0.3,1.0,2.0,3.4890289862181976,0.5977733860342556,0.32
EColi,0,8,0.0,0.01,2.375,0.9136601168655636,0.5,0.0
EColi,0,8,0.0,0.1,2.375,1.7455776702018846,0.5654281949934123,0.23404255319148937
EColi,0,8,0.0,1.0,2.375,2.456050619214249,0.6308563899868247,0.3893805309734513
EColi,0,8,0.05,0.01,2.375,0.9045806460429697,0.5,0.0
EColi,0,8,0.05,0.1,2.375,1.8103715070434843,0.5644400527009222,0.23157894736842105
EColi,0,8,0.05,1.0,2.375,2.56572250668194,0.6308563899868247,0.3893805309734513
EColi,0,8,0.1,0.01,2.375,0.8913339069377211,0.5,0.0
EColi,0,8,0.1,0.1,2.375,1.8645805477151818,0.5597496706192359,0.21739130434782608
EColi,0,8,0.1,1.0,2.375,2.727028650981583,0.6241897233201581,0.375
EColi,0,8,0.2,0.01,2.375,0.8536820640248795,0.5,0.0
EColi,0,8,0.2,0.1,2.375,1.9279503644566538,0.5464163372859024,0.17777777777777778
EColi,0,8,0.2,1.0,2.375,3.217830764154441,0.5777733860342555,0.26804123711340205
EColi,0,8,0.3,0.01,2.375,0.8197850207040976,0.5,0.0
EColi,0,8,0.3,0.1,2.375,1.9620636503164959,0.5266666666666666,0.10126582278481013
EColi,0,8,0.3,1.0,2.375,3.6386426927441042,0.5720948616600791,0.25263157894736843
EColi,0,16,0.0,0.01,2.5,0.9341759739814406,0.5,0.0
EColi,0,16,0.0,0.1,2.5,1.9874430690932092,0.5837022397891963,0.2857142857142857
EColi,0,16,0.0,1.0,2.5,4.693957672467742,0.7698682476943346,0.6370370370370371
EColi,0,16,0.05,0.01,2.5,0.9264585669040218,0.5,0.0
EColi,0,16,0.05,0.1,2.5,2.0334101455161906,0.5713570487483531,0.25
EColi,0,16,0.05,1.0,2.5,4.706851522081513,0.7641897233201581,0.631578947368421
EColi,0,16,0.1,0.01,2.5,0.9102219182685224,0.5,0.0
EColi,0,16,0.1,0.1,2.5,2.0716989339076184,0.5713570487483531,0.25
EColi,0,16,0.1,1.0,2.5,4.803566293614743,0.7575230566534914,0.6212121212121212
EColi,0,16,0.2,0.01,2.5,0.8723977637170074,0.5,0.0
EColi,0,16,0.2,0.1,2.5,2.114900397358065,0.5646903820816864,0.22988505747126436
EColi,0,16,0.2,1.0,2.5,4.856196634534404,0.7118445322793149,0.5483870967741935
EColi,0,16,0.3,0.01,2.5,0.8339099902599955,0.5,0.0
EColi,0,16,0.3,0.1,2.5,2.130900310884627,0.5456785243741765,0.1686746987951807
EColi,0,16,0.3,1.0,2.5,5.128008116469859,0.6427140974967063,0.43564356435643564
EColi,0,32,0.0,0.01,2.75,0.9597143297735643,0.5523451910408432,0.19047619047619047
EColi,0,32,0.0,0.1,2.75,1.9585725186545195,0.7187615283267457,0.5811965811965812
EColi,0,32,0.0,1.0,2.75,4.622697511464129,0.8108563899868247,0.7
EColi,0,32,0.05,0.01,2.75,0.9642746764785952,0.5256785243741765,0.1
EColi,0,32,0.05,0.1,2.75,2.0231137476214753,0.7120948616600791,0.5689655172413793
EColi,0,32,0.05,1.0,2.75,4.717292060344594,0.804189723320158,0.6906474820143885
EColi,0,32,0.1,0.01,2.75,0.9523400860999497,0.5133333333333333,0.05194805194805195
EColi,0,32,0.1,0.1,2.75,2.100059257215797,0.692094861660079,0.5309734513274337
EColi,0,32,0.1,1.0,2.75,4.827400045803941,0.7844400527009223,0.6875
EColi,0,32,0.2,0.01,2.75,0.9041621338917486,0.5,0.0
EColi,0,32,0.2,0.1,2.75,2.209490098508635,0.6360474308300396,0.42
EColi,0,32,0.2,1.0,2.75,5.006973528894062,0.7711067193675889,0.6666666666666666
EColi,0,32,0.3,0.01,2.75,0.8432357429523991,0.5,0.0
EColi,0,32,0.3,0.1,2.75,2.2266281874439424,0.5590118577075098,0.21176470588235294
EColi,0,32,0.3,1.0,2.75,5.4835420790400216,0.7377733860342556,0.6115702479338843
EColi,0,64,0.0,0.01,2.953125,0.9664090927233965,0.6037022397891963,0.3404255319148936
EColi,0,64,0.0,0.1,2.953125,2.267683272553061,0.7711067193675889,0.6666666666666666
EColi,0,64,0.0,1.0,2.953125,5.4478983764235025,0.8367852437417655,0.7591240875912408
EColi,0,64,0.05,0.01,2.953125,0.9786874155828144,0.5970355731225296,0.3225806451612903
EColi,0,64,0.05,0.1,2.953125,2.268968448664906,0.7520948616600791,0.639344262295082
EColi,0,64,0.05,1.0,2.953125,5.576023626436798,0.8367852437417655,0.7591240875912408
EColi,0,64,0.1,0.01,2.953125,0.9757118585653561,0.5323451910408432,0.12345679012345678
EColi,0,64,0.1,0.1,2.953125,2.295164841941801,0.7387615283267457,0.6166666666666667
EColi,0,64,0.1,1.0,2.953125,5.768646220852103,0.8367852437417655,0.7591240875912408
EColi,0,64,0.2,0.01,2.953125,0.9400572191940525,0.5,0.0
EColi,0,64,0.2,0.1,2.953125,2.3774787762473335,0.6960474308300395,0.5504587155963303
EColi,0,64,0.2,1.0,2.953125,5.841566680717647,0.8377733860342556,0.7647058823529411
EColi,0,64,0.3,0.01,2.953125,0.8639147361795896,0.5,0.0
EColi,0,64,0.3,0.1,2.953125,2.3578316807219784,0.6180237154150198,0.37894736842105264
EColi,0,64,0.3,1.0,2.953125,5.976195596516249,0.8054281949934123,0.7230769230769231
EColi,0,128,0.0,0.01,2.9453125,1.0007234439954205,0.7530830039525691,0.6446280991735537
EColi,0,128,0.0,0.1,2.9453125,2.073683666294147,0.8577733860342556,0.7913669064748201
EColi,0,128,0.0,1.0,2.9453125,4.632796368679274,0.8567852437417655,0.7857142857142857
EColi,0,128,0.05,0.01,2.9453125,1.0195835948947278,0.7207378129117259,0.591304347826087
EColi,0,128,0.05,0.1,2.9453125,2.14183141548575,0.851106719367589,0.782608695652174
EColi,0,128,0.05,1.0,2.9453125,4.836489972012678,0.862463768115942,0.7887323943661971
EColi,0,128,0.1,0.01,2.9453125,1.0321515978182016,0.6513570487483531,0.46
EColi,0,128,0.1,0.1,2.9453125,2.229321353614175,0.8444400527009223,0.7737226277372263
EColi,0,128,0.1,1.0,2.9453125,5.030261189871625,0.871106719367589,0.8085106382978723
EColi,0,128,0.2,0.01,2.9453125,1.0043291361162143,0.5,0.0
EColi,0,128,0.2,0.1,2.9453125,2.4020892366638544,0.8387615283267458,0.7703703703703704
EColi,0,128,0.2,1.0,2.9453125,5.487361863692604,0.871106719367589,0.8085106382978723
EColi,0,128,0.3,0.01,2.9453125,0.9222032720186402,0.5,0.0
EColi,0,128,0.3,0.1,2.9453125,2.5513497209694065,0.7930830039525691,0.7086614173228346
EColi,0,128,0.3,1.0,2.9453125,5.82109163962063,0.8377733860342556,0.7647058823529411
EColi,1,4,0.0,0.01,1.75,0.9215117355892818,0.5,0.0
EColi,1,4,0.0,0.1,1.75,1.909208155434734,0.5908073562722468,0.2903225806451613
EColi,1,4,0.0,1.0,1.75,2.578219547487036,0.6700059324776184,0.4217687074829932
EColi,1,4,0.05,0.01,1.75,0.9107126959374483,0.5,0.0
EColi,1,4,0.05,0.1,1.75,1.9260587893587002,0.5790772300722684,0.26666666666666666
EColi,1,4,0.05,1.0,1.75,2.875231267831934,0.6739429403516342,0.43356643356643354
EColi,1,4,0.1,0.01,1.75,0.9018890008981626,0.5,0.0
EColi,1,4,0.1,0.1,1.75,1.947021957862662,0.5614820407723007,0.22807017543859648
EColi,1,4,0.1,1.0,1.75,3.0453666642404174,0.6739429403516342,0.43356643356643354
EColi,1,4,0.2,0.01,1.75,0.8859954981649196,0.5,0.0
EColi,1,4,0.2,0.1,1.75,1.9293464529665743,0.5127143781684824,0.05263157894736842
EColi,1,4,0.2,1.0,1.75,3.551756438883615,0.6641813180886635,0.4233576642335766
EColi,1,4,0.3,0.01,1.75,0.8714687422104517,0.5,0.0
EColi,1,4,0.3,0.1,1.75,1.8352115347358466,0.5,0.0
EColi,1,4,0.3,1.0,1.75,4.020460415331108,0.5849422931722575,0.2786885245901639
EColi,1,8,0.0,0.01,2.0,0.9481526040062698,0.5,0.0
EColi,1,8,0.0,0.1,2.0,2.0164324178743778,0.700477294790206,0.5161290322580645
EColi,1,8,0.0,1.0,2.0,3.3663289909813257,0.7895183906806169,0.656934306569343
EColi,1,8,0.05,0.01,2.0,0.9390417910836423,0.5,0.0
EColi,1,8,0.05,0.1,2.0,2.0657064190056107,0.6877629166217236,0.49586776859504134
EColi,1,8,0.05,1.0,2.0,3.4939162805473565,0.788534138712113,0.6521739130434783
EColi,1,8,0.1,0.01,2.0,0.9243539338114557,0.5,0.0
EColi,1,8,0.1,0.1,2.0,2.112853444599577,0.6721362312587639,0.4778761061946903
EColi,1,8,0.1,1.0,2.0,3.761541332734642,0.7816848236436198,0.6423357664233577
EColi,1,8,0.2,0.01,2.0,0.8999386833492684,0.5,0.0
EColi,1,8,0.2,0.1,2.0,2.1337467877861465,0.6232472225218423,0.3838383838383838
EColi,1,8,0.2,1.0,2.0,4.363922778398312,0.7816848236436198,0.6423357664233577
EColi,1,8,0.3,0.01,2.0,0.8832761906348584,0.5,0.0
EColi,1,8,0.3,0.1,2.0,2.0381908784396225,0.5332623233739618,0.12658227848101267
EColi,1,8,0.3,1.0,2.0,4.887171636985923,0.7552718153381512,0.6060606060606061
EColi,1,16,0.0,0.01,2.3125,0.9696629238175518,0.5195636932369755,0.07792207792207792
EColi,1,16,0.0,0.1,2.3125,2.2142966556191714,0.7719232013806493,0.6412213740458015
EColi,1,16,0.0,1.0,2.3125,4.661965530689422,0.8100663358860964,0.6857142857142857
EColi,1,16,0.05,0.01,2.3125,0.9609760491936313,0.5,0.0
EColi,1,16,0.05,0.1,2.3125,2.2482764644691455,0.7513752561751699,0.609375
EColi,1,16,0.05,1.0,2.3125,4.896718078379515,0.8110505878546004,0.6906474820143885
EColi,1,16,0.1,0.01,2.3125,0.9459968624491476,0.5,0.0
EColi,1,16,0.1,0.1,2.3125,2.275371263008918,0.7386608780066876,0.592
EColi,1,16,0.1,1.0,2.3125,5.110254917945749,0.8110505878546004,0.6906474820143885
EColi,1,16,0.2,0.01,2.3125,0.9112679441375992,0.5,0.0
EColi,1,16,0.2,0.1,2.3125,2.256260287414426,0.6721362312587639,0.4778761061946903
EColi,1,16,0.2,1.0,2.3125,5.512059331845181,0.8042012727861072,0.6811594202898551
EColi,1,16,0.3,0.01,2.3125,0.8847569169967482,0.5,0.0
EColi,1,16,0.3,0.1,2.3125,2.1066149194889774,0.5469609535109481,0.1728395061728395
EColi,1,16,0.3,1.0,2.3125,5.857873329064137,0.7768040125121346,0.6417910447761194
EColi,1,32,0.0,0.01,2.4375,1.0155691093321806,0.5791985762053716,0.2708333333333333
EColi,1,32,0.0,0.1,2.4375,2.0835769181508894,0.798336209686118,0.6764705882352942
EColi,1,32,0.0,1.0,2.4375,4.006356369167182,0.8100663358860964,0.6857142857142857
EColi,1,32,0.05,0.01,2.4375,1.0089933642756035,0.5567225757739187,0.20689655172413793
EColi,1,32,0.05,0.1,2.4375,2.1924102103967544,0.7993204616546219,0.6814814814814815
EColi,1,32,0.05,1.0,2.4375,4.083088337083539,0.8100663358860964,0.6857142857142857
EColi,1,32,0.1,0.01,2.4375,0.9983648215274683,0.5,0.0
EColi,1,32,0.1,0.1,2.4375,2.2862432009487548,0.7924711465861287,0.6716417910447762
EColi,1,32,0.1,1.0,2.4375,4.319604625428363,0.8100663358860964,0.6857142857142857
EColi,1,32,0.2,0.01,2.4375,0.9542038396189496,0.5,0.0
EColi,1,32,0.2,0.1,2.4375,2.417582682794349,0.7797567684176465,0.6564885496183206
EColi,1,32,0.2,1.0,2.4375,4.890414347783693,0.8042012727861072,0.6811594202898551
EColi,1,32,0.3,0.01,2.4375,0.9103125708615445,0.5,0.0
EColi,1,32,0.3,0.1,2.4375,2.3357693023410646,0.7063828066012297,0.5423728813559322
EColi,1,32,0.3,1.0,2.4375,5.5879662261661105,0.8051855247546111,0.6861313868613139
EColi,1,64,0.0,0.01,2.6875,1.0255898682028246,0.6378896559162981,0.4074074074074074
EColi,1,64,0.0,0.1,2.6875,2.12089796741653,0.8051855247546111,0.6861313868613139
EColi,1,64,0.0,1.0,2.6875,4.685849298961764,0.8042012727861072,0.6811594202898551
EColi,1,64,0.05,0.01,2.6875,1.025861208012023,0.6056115845108403,0.33663366336633666
EColi,1,64,0.05,0.1,2.6875,2.197458806490434,0.8061697767231151,0.6911764705882353
EColi,1,64,0.05,1.0,2.6875,4.718480755427866,0.8051855247546111,0.6861313868613139
EColi,1,64,0.1,0.01,2.6875,1.0202462350658714,0.5537698198684069,0.2
EColi,1,64,0.1,0.1,2.6875,2.3002306181917085,0.8051855247546111,0.6861313868613139
EColi,1,64,0.1,1.0,2.6875,4.760792913057288,0.8110505878546004,0.6906474820143885
EColi,1,64,0.2,0.01,2.6875,0.9776946796510669,0.5,0.0
EColi,1,64,0.2,0.1,2.6875,2.4417636870128265,0.8003047136231258,0.6865671641791045
EColi,1,64,0.2,1.0,2.6875,5.168425723726211,0.8110505878546004,0.6906474820143885
EColi,1,64,0.3,0.01,2.6875,0.9319761698017788,0.5,0.0
EColi,1,64,0.3,0.1,2.6875,2.4047510070775426,0.7455101930751806,0.6031746031746031
EColi,1,64,0.3,1.0,2.6875,5.464288588163,0.8051855247546111,0.6861313868613139
EColi,1,128,0.0,0.01,2.9140625,1.0309884590705034,0.7347643188437062,0.5950413223140496
EColi,1,128,0.0,0.1,2.9140625,2.2413520222263235,0.8100663358860964,0.6857142857142857
EColi,1,128,0.0,1.0,2.9140625,5.030122588617409,0.8032170208176033,0.6762589928057554
EColi,1,128,0.05,0.01,2.9140625,1.038378805370072,0.727915003775213,0.5833333333333334
EColi,1,128,0.05,0.1,2.9140625,2.3307130168192196,0.8100663358860964,0.6857142857142857
EColi,1,128,0.05,1.0,2.9140625,5.2718949669466335,0.7953834537806062,0.6618705035971223
EColi,1,128,0.1,0.01,2.9140625,1.043272052630355,0.6809540502642649,0.5
EColi,1,128,0.1,0.1,2.9140625,2.409082408875523,0.8110505878546004,0.6906474820143885
EColi,1,128,0.1,1.0,2.9140625,5.451206033335118,0.8159313989860857,0.6901408450704225
EColi,1,128,0.2,0.01,2.9140625,1.0215098011830566,0.5,0.0
EColi,1,128,0.2,0.1,2.9140625,2.5445988283741396,0.8051855247546111,0.6861313868613139
EColi,1,128,0.2,1.0,2.9140625,5.9320922152293,0.8169156509545896,0.6950354609929078
EColi,1,128,0.3,0.01,2.9140625,0.9699948992159368,0.5,0.0
EColi,1,128,0.3,0.1,2.9140625,2.535292712736259,0.758224571243663,0.6201550387596899
EColi,1,128,0.3,1.0,2.9140625,6.363484974464945,0.8178999029230936,0.7
EColi,2,4,0.0,0.01,1.75,0.8515558923635989,0.5,0.0
EColi,2,4,0.0,0.1,1.75,1.5877238035771617,0.5529411764705883,0.19148936170212766
EColi,2,4,0.0,1.0,1.75,1.8700290601035303,0.6346299810246679,0.39705882352941174
EColi,2,4,0.05,0.01,1.75,0.8460518944205233,0.5,0.0
EColi,2,4,0.05,0.1,1.75,1.6175959959737185,0.5529411764705883,0.19148936170212766
EColi,2,4,0.05,1.0,1.75,1.958432190372261,0.6346299810246679,0.39705882352941174
EColi,2,4,0.1,0.01,1.75,0.8384863316930717,0.5,0.0
EColi,2,4,0.1,0.1,1.75,1.6489701772013294,0.5470588235294118,0.17204301075268819
EColi,2,4,0.1,1.0,1.75,2.1260029511498937,0.6346299810246679,0.39705882352941174
EColi,2,4,0.2,0.01,1.75,0.8284793111092829,0.5,0.0
EColi,2,4,0.2,0.1,1.75,1.6560258904412044,0.5,0.0
EColi,2,4,0.2,1.0,1.75,2.469358657504904,0.6346299810246679,0.39705882352941174
EColi,2,4,0.3,0.01,1.75,0.8235132055440975,0.5,0.0
EColi,2,4,0.3,0.1,1.75,1.6255274564826487,0.5,0.0
EColi,2,4,0.3,1.0,1.75,2.7654201708633894,0.5670659392789373,0.24793388429752067
EColi,2,8,0.0,0.01,2.5,0.8915135228964767,0.5,0.0
EColi,2,8,0.0,0.1,2.5,1.8199310411278111,0.6468927893738141,0.4444444444444444
EColi,2,8,0.0,1.0,2.5,2.5717300895911053,0.7389943074003795,0.6222222222222222
EColi,2,8,0.05,0.01,2.5,0.8806434077103125,0.5,0.0
EColi,2,8,0.05,0.1,2.5,1.8994513945799714,0.5910934535104364,0.3076923076923077
EColi,2,8,0.05,1.0,2.5,2.981266523800909,0.7331119544592031,0.6119402985074627
EColi,2,8,0.1,0.01,2.5,0.8698037161480532,0.5,0.0
EColi,2,8,0.1,0.1,2.5,1.9444627786682611,0.5626897533206832,0.22448979591836735
EColi,2,8,0.1,1.0,2.5,3.293104842863594,0.7272296015180266,0.6015037593984962
EColi,2,8,0.2,0.01,2.5,0.8439599579392756,0.5,0.0
EColi,2,8,0.2,0.1,2.5,1.9031247276088723,0.5166389943074003,0.06741573033707865
EColi,2,8,0.2,1.0,2.5,4.087135912125886,0.7047082542694497,0.5625
EColi,2,8,0.3,0.01,2.5,0.8296102491979935,0.5,0.0
EColi,2,8,0.3,0.1,2.5,1.774588327884967,0.5,0.0
EColi,2,8,0.3,1.0,2.5,4.713599274454689,0.6253795066413662,0.3963963963963964
EColi,2,16,0.0,0.01,2.5625,0.9268894573636579,0.5,0.0
EColi,2,16,0.0,0.1,2.5625,1.9326386573769705,0.7576494307400379,0.656934306569343
EColi,2,16,0.0,1.0,2.5625,3.21455912233359,0.7978178368121442,0.7172413793103448
EColi,2,16,0.05,0.01,2.5625,0.9252660592399583,0.5,0.0
EColi,2,16,0.05,0.1,2.5625,2.002746539842701,0.7517670777988614,0.6470588235294118
EColi,2,16,0.05,1.0,2.5625,3.3953346126314456,0.7919354838709678,0.7083333333333334
EColi,2,16,0.1,0.01,2.5625,0.9063192546086959,0.5,0.0
EColi,2,16,0.1,0.1,2.5625,2.0929704671929286,0.6939516129032258,0.544
EColi,2,16,0.1,1.0,2.5625,3.731548735454934,0.7919354838709678,0.7083333333333334
EColi,2,16,0.2,0.01,2.5625,0.8742982064016703,0.5,0.0
EColi,2,16,0.2,0.1,2.5625,2.147433510268992,0.6302537950664137,0.40707964601769914
EColi,2,16,0.2,1.0,2.5625,4.4308956011217875,0.7870611954459203,0.704225352112676
EColi,2,16,0.3,0.01,2.5625,0.8494250240588922,0.5,0.0
EColi,2,16,0.3,0.1,2.5625,2.0888112439808952,0.5509250474383302,0.1875
EColi,2,16,0.3,1.0,2.5625,5.082885004180349,0.7870611954459203,0.704225352112676
EColi,2,32,0.0,0.01,2.59375,0.9500986649494091,0.5557993358633776,0.20408163265306123
EColi,2,32,0.0,0.1,2.59375,2.038621873820583,0.7860531309297913,0.6993006993006993
EColi,2,32,0.0,1.0,2.59375,4.389203260811009,0.7810128083491461,0.6756756756756757
EColi,2,32,0.05,0.01,2.59375,0.9487111405494169,0.5391603415559773,0.14893617021276595
EColi,2,32,0.05,0.1,2.59375,2.0862559320648195,0.7880692599620494,0.7092198581560284
EColi,2,32,0.05,1.0,2.59375,4.450232669442574,0.7810128083491461,0.6756756756756757
EColi,2,32,0.1,0.01,2.59375,0.9388529697611406,0.5,0.0
EColi,2,32,0.1,0.1,2.59375,2.151932431472784,0.7763045540796965,0.6906474820143885
EColi,2,32,0.1,1.0,2.59375,4.70765588449866,0.7810128083491461,0.6756756756756757
EColi,2,32,0.2,0.01,2.59375,0.89953715962218,0.5,0.0
EColi,2,32,0.2,0.1,2.59375,2.215924075748259,0.659665559772296,0.4745762711864407
EColi,2,32,0.2,1.0,2.59375,5.028129286951113,0.7860531309297913,0.6993006993006993
EColi,2,32,0.3,0.01,2.59375,0.8625122207266775,0.5,0.0
EColi,2,32,0.3,0.1,2.59375,2.1936772482373357,0.5969758064516129,0.3238095238095238
EColi,2,32,0.3,1.0,2.59375,5.491085323273796,0.7870611954459203,0.704225352112676
EColi,2,64,0.0,0.01,2.84375,0.9842054006989551,0.5675640417457305,0.24
EColi,2,64,0.0,0.1,2.84375,2.1391726070404933,0.8105906072106261,0.7397260273972602
EColi,2,64,0.0,1.0,2.84375,4.776998096686494,0.8026921252371917,0.7210884353741497
EColi,2,64,0.05,0.01,2.84375,0.9813981411147974,0.5215132827324478,0.08791208791208792
EColi,2,64,0.05,0.1,2.84375,2.209727854692927,0.8047082542694497,0.7310344827586207
EColi,2,64,0.05,1.0,2.84375,4.9358212682445615,0.8026921252371917,0.7210884353741497
EColi,2,64,0.1,0.01,2.84375,0.9740367707529098,0.5,0.0
EColi,2,64,0.1,0.1,2.84375,2.241985043721343,0.7988259013282732,0.7222222222222222
EColi,2,64,0.1,1.0,2.84375,5.039518689595865,0.8026921252371917,0.7210884353741497
EColi,2,64,0.2,0.01,2.84375,0.9369979934493786,0.5,0.0
EColi,2,64,0.2,0.1,2.84375,2.3387307038088108,0.7752964895635673,0.6857142857142857
EColi,2,64,0.2,1.0,2.84375,5.340531075358047,0.8164729601518026,0.7482993197278912
EColi,2,64,0.3,0.01,2.84375,0.8969333619796666,0.5,0.0
EColi,2,64,0.3,0.1,2.84375,2.3521064928123985,0.758657495256167,0.6617647058823529
EColi,2,64,0.3,1.0,2.84375,5.5211159298916765,0.8164729601518026,0.7482993197278912
EColi,2,128,0.0,0.01,2.921875,1.010786243640366,0.7420185009487665,0.6363636363636364
EColi,2,128,0.0,0.1,2.921875,2.1980444106123933,0.8095825426944971,0.7346938775510204
EColi,2,128,0.0,1.0,2.921875,5.049950030180603,0.7880692599620494,0.7092198581560284
EColi,2,128,0.05,0.01,2.921875,1.01697728861655,0.659665559772296,0.4745762711864407
EColi,2,128,0.05,0.1,2.921875,2.286583309904505,0.8095825426944971,0.7346938775510204
EColi,2,128,0.05,1.0,2.921875,5.234061567568395,0.7880692599620494,0.7092198581560284
EColi,2,128,0.1,0.01,2.921875,1.0135722889071634,0.5322699240986717,0.1276595744680851
EColi,2,128,0.1,0.1,2.921875,2.3418742494174163,0.8095825426944971,0.7346938775510204
EColi,2,128,0.1,1.0,2.921875,5.220294302843243,0.7821869070208729,0.7
EColi,2,128,0.2,0.01,2.921875,0.9756349519975254,0.5,0.0
EColi,2,128,0.2,0.1,2.921875,2.452586834611778,0.8037001897533207,0.726027397260274
EColi,2,128,0.2,1.0,2.921875,5.596051057859807,0.8144568311195446,0.738255033557047
EColi,2,128,0.3,0.01,2.921875,0.916365171465699,0.5,0.0
EColi,2,128,0.3,0.1,2.921875,2.4897726102261437,0.7978178368121442,0.7172413793103448
EColi,2,128,0.3,1.0,2.921875,5.952264817690664,0.8095825426944971,0.7346938775510204
20News,0,4,0.0,0.01,3.0,0.5461969773926326,0.5795842665173573,0.7419768934531451
20News,0,4,0.0,0.1,3.0,1.9171711034654293,0.6641797312430011,0.7420814479638009
20News,0,4,0.0,1.0,3.0,3.101951663854133,0.6671682530795073,0.7275590551181103
20News,0,4,0.05,0.01,3.0,0.5014416346402542,0.5703037513997761,0.743073047858942
20News,0,4,0.05,0.1,3.0,2.001881291751432,0.6596374580067189,0.744807121661721
20News,0,4,0.05,1.0,3.0,3.578449167993434,0.6702617581187009,0.726984126984127
20News,0,4,0.1,0.01,3.0,0.42443447960412556,0.5286254199328108,0.7312348668280871
20News,0,4,0.1,0.1,3.0,2.0190958775529175,0.665929451287794,0.7569141193595342
20News,0,4,0.1,1.0,3.0,4.239076631235076,0.6732642777155655,0.7363494539781591
20News,0,4,0.2,0.01,3.0,0.2778250185477893,0.5,0.7212336892052195
20News,0,4,0.2,0.1,3.0,1.7699819250560034,0.6293812989921612,0.7517146776406035
20News,0,4,0.2,1.0,3.0,5.711318474051463,0.6816839305711087,0.7503828483920367
20News,0,4,0.3,0.01,3.0,0.21133966384957414,0.5,0.7212336892052195
20News,0,4,0.3,0.1,3.0,1.5412736996182907,0.5923502239641658,0.7477360931435963
20News,0,4,0.3,1.0,3.0,5.821986368719103,0.6641797312430011,0.7420814479638009
20News,0,8,0.0,0.01,2.875,0.6588102517077277,0.6515327547592384,0.7688098495212038
20News,0,8,0.0,0.1,2.875,2.1899517570757308,0.7205697088465846,0.7835365853658537
20News,0,8,0.0,1.0,2.875,3.2745950016977385,0.7260778275475923,0.7800312012480499
20News,0,8,0.05,0.01,2.875,0.5880403535268045,0.6088885778275476,0.7561929595827901
20News,0,8,0.05,0.1,2.875,2.3187686861847236,0.7134168533034715,0.7850746268656716
20News,0,8,0.05,1.0,2.875,3.999442969559873,0.7223054311310191,0.7769110764430577
20News,0,8,0.1,0.01,2.875,0.5203495678484279,0.5525125979843225,0.7404674046740467
20News,0,8,0.1,0.1,2.875,2.3512670677588225,0.7108062709966405,0.7845468053491828
20News,0,8,0.1,1.0,2.875,4.65463468383238,0.7251119820828668,0.7813953488372093
20News,0,8,0.2,0.01,2.875,0.3561239134622718,0.5,0.7212336892052195
20News,0,8,0.2,0.1,2.875,2.174043314781944,0.676189809630459,0.7751060820367751
20News,0,8,0.2,1.0,2.875,6.378358646908487,0.7264697648376259,0.7877862595419848
20News,0,8,0.3,0.01,2.875,0.23852802512199178,0.5,0.7212336892052195
20News,0,8,0.3,0.1,2.875,1.7745346814448686,0.6110162374020157,0.7571801566579635
20News,0,8,0.3,1.0,2.875,6.75079830850777,0.6907824748040314,0.7671641791044777
20News,0,16,0.0,0.01,3.0,0.7185454400519428,0.6420562709966405,0.7658998646820027
20News,0,16,0.0,0.1,3.0,2.4372032184118386,0.7318868980963046,0.7926829268292683
20News,0,16,0.0,1.0,3.0,4.673151107740059,0.7465845464725644,0.7975077881619937
20News,0,16,0.05,0.01,3.0,0.6387638519230886,0.6143057110862262,0.7604166666666666
20News,0,16,0.05,0.1,3.0,2.548382657482321,0.7256998880179171,0.7927927927927928
20News,0,16,0.05,1.0,3.0,5.190236149907573,0.742812150055991,0.794392523364486
20News,0,16,0.1,0.01,3.0,0.5747106123861709,0.5801721724524076,0.7525
20News,0,16,0.1,0.1,3.0,2.553455579534767,0.7195128779395297,0.7928994082840237
20News,0,16,0.1,1.0,3.0,5.971433570163028,0.7552911534154535,0.8062015503875969
20News,0,16,0.2,0.01,3.0,0.3819541090035306,0.502127659574468,0.7220902612826603
20News,0,16,0.2,0.1,3.0,2.3352341986988527,0.6596514557670773,0.7657784011220197
20News,0,16,0.2,1.0,3.0,7.332275688980592,0.7342105263157894,0.797583081570997
20News,0,16,0.3,0.01,3.0,0.25722768230407145,0.5,0.7212336892052195
20News,0,16,0.3,0.1,3.0,1.8394509845529183,0.6075307950727884,0.750330250990753
20News,0,16,0.3,1.0,3.0,6.852528584565784,0.6931970884658455,0.7636363636363637
20News,0,32,0.0,0.01,2.90625,0.7850418993906656,0.6706816909294513,0.778393351800554
20News,0,32,0.0,0.1,2.90625,2.769345884846017,0.7369120940649496,0.7900466562986003
20News,0,32,0.0,1.0,2.90625,6.03537471198153,0.745996640537514,0.785829307568438
20News,0,32,0.05,0.01,2.90625,0.7049587575699177,0.6417693169092945,0.7700534759358288
20News,0,32,0.05,0.1,2.90625,2.8505350408970007,0.7427211646136618,0.8024316109422492
20News,0,32,0.05,1.0,2.90625,6.746502468149688,0.747837346024636,0.7917329093799682
20News,0,32,0.1,0.01,2.90625,0.6252178951794526,0.609476483762598,0.766497461928934
20News,0,32,0.1,0.1,2.90625,2.8130946319018175,0.7226063829787235,0.7928464977645305
20News,0,32,0.1,1.0,2.90625,7.258606417484033,0.7489991601343785,0.7943037974683544
20News,0,32,0.2,0.01,2.90625,0.4419476213645633,0.5106382978723404,0.7255369928400954
20News,0,32,0.2,0.1,2.90625,2.5980248905341456,0.683538633818589,0.7771428571428571
20News,0,32,0.2,1.0,2.90625,8.415868438961704,0.7371080627099664,0.7938461538461539
20News,0,32,0.3,0.01,2.90625,0.2759211396769382,0.5,0.7212336892052195
20News,0,32,0.3,0.1,2.90625,2.105639561892653,0.6339375699888018,0.7688243064729194
20News,0,32,0.3,1.0,2.90625,8.354167238325466,0.7079997200447928,0.7802690582959642
20News,0,64,0.0,0.01,2.9375,0.8768763704384661,0.7189389697648376,0.8011527377521613
20News,0,64,0.0,0.1,2.9375,2.926312909984713,0.7605123180291153,0.8075117370892019
20News,0,64,0.0,1.0,2.9375,6.3635852009792995,0.7818798992161253,0.8123980424143556
20News,0,64,0.05,0.01,2.9375,0.8054333893066172,0.7006648936170212,0.7972027972027972
20News,0,64,0.05,0.1,2.9375,3.0089852177505367,0.7554871220604704,0.8098159509202454
20News,0,64,0.05,1.0,2.9375,7.02897976039192,0.782558790593505,0.8155339805825242
20News,0,64,0.1,0.01,2.9375,0.7168761774825038,0.6620800671892497,0.7816711590296496
20News,0,64,0.1,0.1,2.9375,3.075935482742145,0.7497830347144456,0.8090909090909091
20News,0,64,0.1,1.0,2.9375,7.82349202874871,0.7842035274356103,0.8174474959612278
20News,0,64,0.2,0.01,2.9375,0.5216791091667157,0.5255319148936171,0.7316486161251504
20News,0,64,0.2,0.1,2.9375,2.9126622724563553,0.7388577827547592,0.8071216617210683
20News,0,64,0.2,1.0,2.9375,8.832917109107003,0.770954647256439,0.810207336523126
20News,0,64,0.3,0.01,2.9375,0.3354476981523623,0.5,0.7212336892052195
20News,0,64,0.3,0.1,2.9375,2.384448909027086,0.6881858902575588,0.7865168539325843
20News,0,64,0.3,1.0,2.9375,9.350541747421566,0.7465845464725644,0.7975077881619937
20News,0,128,0.0,0.01,2.9296875,0.9208585225430432,0.7199048152295633,0.8
20News,0,128,0.0,0.1,2.9296875,3.126497918029435,0.7668952967525196,0.8113207547169812
20News,0,128,0.0,1.0,2.9296875,7.16572725206348,0.775979843225084,0.8078175895765473
20News,0,128,0.05,0.01,2.9296875,0.8515098814102654,0.6950517917133259,0.7892503536067893
20News,0,128,0.05,0.1,2.9296875,3.221480492417052,0.7543253079507279,0.8073959938366718
20News,0,128,0.05,1.0,2.9296875,7.762775658031984,0.7785904255319149,0.8085106382978723
20News,0,128,0.1,0.01,2.9296875,0.7674779955974868,0.6880949048152296,0.7939560439560439
20News,0,128,0.1,0.1,2.9296875,3.23898929206448,0.7379829227323629,0.8006042296072508
20News,0,128,0.1,1.0,2.9296875,8.582202081963427,0.7750139977603583,0.8090614886731392
20News,0,128,0.2,0.01,2.9296875,0.5576324342989111,0.5446808510638298,0.7396593673965937
20News,0,128,0.2,0.1,2.9296875,3.0800098859342695,0.7159364501679731,0.7935578330893118
20News,0,128,0.2,1.0,2.9296875,9.619701150675926,0.7898166293393057,0.8261562998405104
20News,0,128,0.3,0.01,2.9296875,0.3722106994215753,0.5,0.7212336892052195
20News,0,128,0.3,0.1,2.9296875,2.510857156208075,0.6917623180291154,0.7858156028368795
20News,0,128,0.3,1.0,2.9296875,9.919832624105933,0.7394316909294513,0.7987804878048781
20News,1,4,0.0,0.01,2.5,0.3546963279627186,0.5084388185654009,0.7216248506571087
20News,1,4,0.0,0.1,2.5,1.6480268799360196,0.5624947606672814,0.6937062937062937
20News,1,4,0.0,1.0,2.5,6.705768502067342,0.6170816218179787,0.700152207001522
20News,1,4,0.05,0.01,2.5,0.2878377846150168,0.5,0.718192627824019
20News,1,4,0.05,0.1,2.5,1.6979475158142272,0.5659387487076313,0.7066848567530696
20News,1,4,0.05,1.0,2.5,6.314288252563676,0.6003646575572135,0.6859756097560976
20News,1,4,0.1,0.01,2.5,0.24893566473402146,0.5,0.718192627824019
20News,1,4,0.1,0.1,2.5,1.8160781571374656,0.5886355380445413,0.7441860465116279
20News,1,4,0.1,1.0,2.5,7.351432750169568,0.6286710257914885,0.713855421686747
20News,1,4,0.2,0.01,2.5,0.1367427843882016,0.5,0.718192627824019
20News,1,4,0.2,0.1,2.5,1.2149959018735006,0.5021097046413502,0.719047619047619
20News,1,4,0.2,1.0,2.5,6.193820639556499,0.5947550786598486,0.7024673439767779
20News,1,4,0.3,0.01,2.5,0.08513389004527487,0.5,0.718192627824019
20News,1,4,0.3,0.1,2.5,0.8153621796147743,0.5,0.718192627824019
20News,1,4,0.3,1.0,2.5,5.791051084863386,0.5882094056500964,0.7323568575233023
20News,1,8,0.0,0.01,2.625,0.4662684472204767,0.5449185458406685,0.7317676143386898
20News,1,8,0.0,0.1,2.625,2.0063522827760876,0.6080280548802638,0.7023809523809523
20News,1,8,0.0,1.0,2.625,6.6482019774485765,0.631234805935116,0.7140695915279879
20News,1,8,0.05,0.01,2.625,0.4112188672655967,0.5126582278481012,0.7233532934131737
20News,1,8,0.05,0.1,2.625,2.0955100305518286,0.6173470813423869,0.7198838896952104
20News,1,8,0.05,1.0,2.625,6.796915105989283,0.6437323609131808,0.7259036144578314
20News,1,8,0.1,0.01,2.625,0.36210448450710214,0.5,0.718192627824019
20News,1,8,0.1,0.1,2.625,2.079553277525797,0.6033266269874535,0.7161198288159771
20News,1,8,0.1,1.0,2.625,6.522320517811128,0.62370413837427,0.708018154311649
20News,1,8,0.2,0.01,2.625,0.25452946072470717,0.5,0.718192627824019
20News,1,8,0.2,0.1,2.625,1.8227429117937837,0.568635258613463,0.7158176943699732
20News,1,8,0.2,1.0,2.625,6.706229970765038,0.6239975410065107,0.7125748502994012
20News,1,8,0.3,0.01,2.625,0.1603591620877032,0.5,0.718192627824019
20News,1,8,0.3,0.1,2.625,1.327904592458138,0.5105764663145835,0.7102342786683107
20News,1,8,0.3,1.0,2.625,6.983987181736634,0.5846606309553748,0.6965317919075145
20News,1,16,0.0,0.01,3.0625,0.7366825643237521,0.6506203369938804,0.7514285714285714
20News,1,16,0.0,0.1,3.0625,2.3670190535058904,0.6896917875206081,0.7515527950310559
20News,1,16,0.0,1.0,3.0625,5.2682549600673125,0.6936177941710677,0.7496062992125985
20News,1,16,0.05,0.01,3.0625,0.6719551783998778,0.6191074971358315,0.7441860465116279
20News,1,16,0.05,0.1,3.0625,2.489645963096472,0.6758320060357113,0.7418856259659969
20News,1,16,0.05,1.0,3.0625,5.721853870756489,0.6949800206778998,0.7472178060413355
20News,1,16,0.1,0.01,3.0625,0.5936919902821389,0.5664976108642803,0.727979274611399
20News,1,16,0.1,0.1,3.0625,2.525412457576574,0.6744697795288792,0.7442572741194488
20News,1,16,0.1,1.0,3.0625,6.1256515394067526,0.6893983848883674,0.7472527472527473
20News,1,16,0.2,0.01,3.0625,0.4310922783489038,0.5021097046413502,0.719047619047619
20News,1,16,0.2,0.1,3.0625,2.3689755002774806,0.64084723502948,0.7357664233576642
20News,1,16,0.2,1.0,3.0625,7.201052907615917,0.6847249001033895,0.7457098283931357
20News,1,16,0.3,0.01,3.0625,0.29694922644175203,0.5,0.718192627824019
20News,1,16,0.3,0.1,3.0625,1.891731973733139,0.5903470533992791,0.72
20News,1,16,0.3,1.0,3.0625,7.280103936233626,0.6702503702461788,0.7419847328244275
20News,1,32,0.0,0.01,3.15625,0.8058002599224723,0.6705158297705871,0.759825327510917
20News,1,32,0.0,0.1,3.15625,2.641911587427221,0.7193883253695477,0.7632850241545893
20News,1,32,0.0,1.0,3.15625,6.690213381336428,0.7231536591499707,0.7665056360708534
20News,1,32,0.05,0.01,3.15625,0.7351851378783971,0.6307248442171738,0.7433380084151473
20News,1,32,0.05,0.1,3.15625,2.7072289471990247,0.7095872802973147,0.7606973058637084
20News,1,32,0.05,1.0,3.15625,7.179891425010219,0.7177326962304748,0.7612903225806451
20News,1,32,0.1,0.01,3.15625,0.6458672994001848,0.5963268784754241,0.7450980392156863
20News,1,32,0.1,0.1,3.15625,2.779286416046654,0.701895939866432,0.759375
20News,1,32,0.1,1.0,3.15625,7.7085357633832485,0.7285746220694665,0.7717041800643086
20News,1,32,0.2,0.01,3.15625,0.4642058195622953,0.5046734847849778,0.7192353643966547
20News,1,32,0.2,0.1,3.15625,2.596340218651993,0.6758040629278788,0.7559523809523809
20News,1,32,0.2,1.0,3.15625,8.31843369077574,0.7168245452259201,0.7628205128205128
20News,1,32,0.3,0.01,3.15625,0.3058038072725095,0.5,0.718192627824019
20News,1,32,0.3,0.1,3.15625,2.0214635122484386,0.5784363036856959,0.717391304347826
20News,1,32,0.3,1.0,3.15625,8.449681831394793,0.6802120881884484,0.7389937106918238
20News,1,64,0.0,0.01,2.84375,0.883965331157687,0.6785005728337106,0.7649635036496351
20News,1,64,0.0,0.1,2.84375,2.8951889369014285,0.7342889876212033,0.780952380952381
20News,1,64,0.0,1.0,2.84375,7.051874685658339,0.729776175706262,0.7744
20News,1,64,0.05,0.01,2.84375,0.826309212465181,0.655587224411099,0.7567567567567568
20News,1,64,0.05,0.1,2.84375,2.9966777434211536,0.7338349121189258,0.7816455696202531
20News,1,64,0.05,1.0,2.84375,7.552250762347011,0.7323399558498895,0.77491961414791
20News,1,64,0.1,0.01,2.84375,0.7389021843027288,0.6094391818258027,0.750330250990753
20News,1,64,0.1,0.1,2.84375,3.0703628156621465,0.7265976471903205,0.7793427230046949
20News,1,64,0.1,1.0,2.84375,8.199864494024855,0.7288680247017073,0.7758346581875993
20News,1,64,0.2,0.01,2.84375,0.5512978828046262,0.5318062424902897,0.7270501835985312
20News,1,64,0.2,0.1,2.84375,2.9076311238772354,0.6764188113001928,0.7503782148260212
20News,1,64,0.2,1.0,2.84375,8.92341910177657,0.7220848352753794,0.7728706624605678
20News,1,64,0.3,0.01,2.84375,0.36507101673094644,0.5,0.718192627824019
20News,1,64,0.3,0.1,2.84375,2.4026400976696753,0.6364671528767429,0.7385057471264368
20News,1,64,0.3,1.0,2.84375,9.265941741854093,0.6939111968033085,0.7538940809968847
20News,1,128,0.0,0.01,2.953125,0.9572406117383193,0.6866459887668707,0.7655786350148368
20News,1,128,0.0,0.1,2.953125,3.146308712297737,0.7493503227428955,0.7936507936507936
20News,1,128,0.0,1.0,2.953125,7.79958540607745,0.7687917400173248,0.8045234248788369
20News,1,128,0.05,0.01,2.953125,0.8878521623174562,0.6641867158465364,0.7565217391304347
20News,1,128,0.05,0.1,2.953125,3.2009570336349142,0.7342889876212033,0.780952380952381
20News,1,128,0.05,1.0,2.953125,8.250360904004287,0.7549319585324279,0.7942122186495176
20News,1,128,0.1,0.01,2.953125,0.8067317576561217,0.6448780283343114,0.7559274755927475
20News,1,128,0.1,0.1,2.953125,3.251335393521628,0.7329267611143712,0.7830188679245284
20News,1,128,0.1,1.0,2.953125,8.76418984888968,0.7541844803979099,0.7909238249594813
20News,1,128,0.2,0.01,2.953125,0.6055678899917476,0.551247659764719,0.7344913151364765
20News,1,128,0.2,0.1,2.953125,3.1170930340917895,0.6865132590046665,0.756838905775076
20News,1,128,0.2,1.0,2.953125,9.691264944870476,0.7406181015452539,0.784688995215311
20News,1,128,0.3,0.01,2.953125,0.42261883350220464,0.5,0.718192627824019
20News,1,128,0.3,0.1,2.953125,2.6831796880663257,0.6461075250789393,0.7453237410071942
20News,1,128,0.3,1.0,2.953125,10.230292302262606,0.7202685332662699,0.7757009345794392
20News,2,4,0.0,0.01,2.75,0.48974509230675434,0.5867038980086873,0.7528809218950064
20News,2,4,0.0,0.1,2.75,2.091195799356837,0.6500324363964574,0.7311178247734139
20News,2,4,0.0,1.0,2.75,3.8630506931943245,0.6668500028205562,0.728414442700157
20News,2,4,0.05,0.01,2.75,0.4507858068886439,0.5726645794550685,0.7546699875466999
20News,2,4,0.05,0.1,2.75,2.118083755231064,0.6428682236136967,0.7286356821589205
20News,2,4,0.05,1.0,2.75,4.275082636685013,0.6646570203644159,0.7272727272727273
20News,2,4,0.1,0.01,2.75,0.39638050793872265,0.540058949624866,0.7469879518072289
20News,2,4,0.1,0.1,2.75,2.0751109496714264,0.6454983922829582,0.7332339791356185
20News,2,4,0.1,1.0,2.75,4.907713284219334,0.6706507023184971,0.7315541601255887
20News,2,4,0.2,0.01,2.75,0.27340565682644524,0.5,0.731764705882353
20News,2,4,0.2,0.1,2.75,1.9443009942784237,0.6161011451458227,0.743801652892562
20News,2,4,0.2,1.0,2.75,5.734136263263549,0.6612935070795961,0.7278382581648523
20News,2,4,0.3,0.01,2.75,0.22814799552227633,0.5,0.731764705882353
20News,2,4,0.3,0.1,2.75,1.7830392582481605,0.6114190218311051,0.7493261455525606
20News,2,4,0.3,1.0,2.75,6.093215222824914,0.6672871890336775,0.7320872274143302
20News,2,8,0.0,0.01,2.75,0.6608172941304445,0.6640506007784734,0.7743732590529248
20News,2,8,0.0,0.1,2.75,2.272942900331424,0.6902394652225419,0.7464566929133858
20News,2,8,0.0,1.0,2.75,4.512726362103309,0.7169924409093473,0.7643312101910829
20News,2,8,0.05,0.01,2.75,0.6020582778754864,0.6482554859818357,0.7774798927613941
20News,2,8,0.05,0.1,2.75,2.3460995345477373,0.6956478817622835,0.7515723270440252
20News,2,8,0.05,1.0,2.75,5.120302468138275,0.7136289276245276,0.764612954186414
20News,2,8,0.1,0.01,2.75,0.5287480536264257,0.5836294917357703,0.7593984962406015
20News,2,8,0.1,0.1,2.75,2.4417558931411034,0.6987152366446663,0.7596899224806202
20News,2,8,0.1,1.0,2.75,5.564972401487587,0.7152366446663282,0.7665615141955836
20News,2,8,0.2,0.01,2.75,0.3696062661099268,0.5,0.731764705882353
20News,2,8,0.2,0.1,2.75,2.3365074921392543,0.680289953178767,0.7593423019431988
20News,2,8,0.2,1.0,2.75,6.474060716685868,0.7050050770011846,0.7555555555555555
20News,2,8,0.3,0.01,2.75,0.24149219248548304,0.5,0.731764705882353
20News,2,8,0.3,0.1,2.75,1.9296273497108023,0.6333488463925085,0.7595628415300546
20News,2,8,0.3,1.0,2.75,7.232115857742232,0.6969594404016473,0.7619047619047619
20News,2,16,0.0,0.01,3.0625,0.7840176179373287,0.6868618491566537,0.7774566473988439
20News,2,16,0.0,0.1,3.0625,2.5448025268792986,0.7104134935409263,0.7606973058637084
20News,2,16,0.0,1.0,3.0625,4.5757676845206126,0.7333657697297907,0.7756410256410257
20News,2,16,0.05,0.01,3.0625,0.7229973020562502,0.6764751508997574,0.7850208044382802
20News,2,16,0.05,0.1,3.0625,2.6406077935685928,0.7114359451683872,0.7634069400630915
20News,2,16,0.05,1.0,3.0625,5.204504149572673,0.7235713882777683,0.768
20News,2,16,0.1,0.01,3.0625,0.634607783627132,0.6315859987589553,0.774869109947644
20News,2,16,0.1,0.1,3.0625,2.684866288794753,0.7080724318835674,0.7636932707355243
20News,2,16,0.1,1.0,3.0625,5.991465467100426,0.7295650702318497,0.7724358974358975
20News,2,16,0.2,0.01,3.0625,0.4657570184478094,0.5043859649122807,0.7334905660377359
20News,2,16,0.2,0.1,3.0625,2.6857817766030236,0.7142071416483331,0.7792998477929984
20News,2,16,0.2,1.0,3.0625,7.193367548330342,0.7262015569470299,0.7726550079491256
20News,2,16,0.3,0.01,3.0625,0.27872223774281385,0.5,0.731764705882353
20News,2,16,0.3,0.1,3.0625,2.1166350735278114,0.6358379872510859,0.7531380753138075
20News,2,16,0.3,1.0,3.0625,7.860276274046221,0.7384780278670954,0.7887323943661971
20News,2,32,0.0,0.01,3.0625,0.8510386112821146,0.6976786822361369,0.7867435158501441
20News,2,32,0.0,0.1,3.0625,2.8811857115314243,0.7393524002933378,0.7950693374422187
20News,2,32,0.0,1.0,3.0625,6.031059948126915,0.7243047328933265,0.762987012987013
20News,2,32,0.05,0.01,3.0625,0.7837686225865407,0.6902183110509392,0.791023842917251
20News,2,32,0.05,0.1,3.0625,2.921693676709687,0.7375966040503188,0.7969465648854962
20News,2,32,0.05,1.0,3.0625,6.692017674447082,0.7281054323912675,0.7662337662337663
20News,2,32,0.1,0.01,3.0625,0.7058590247154185,0.6542491679359169,0.7812080536912752
20News,2,32,0.1,0.1,3.0625,2.999459452579447,0.7364260732216392,0.7981790591805766
20News,2,32,0.1,1.0,3.0625,7.245281241401782,0.739359451683872,0.7800963081861958
20News,2,32,0.2,0.01,3.0625,0.51467761463289,0.5500014102781068,0.7493917274939172
20News,2,32,0.2,0.1,3.0625,2.905433160952135,0.7165411519151577,0.7911111111111111
20News,2,32,0.2,1.0,3.0625,8.419949702547852,0.7435973373949343,0.7866242038216561
20News,2,32,0.3,0.01,3.0625,0.3376053883668308,0.5,0.731764705882353
20News,2,32,0.3,0.1,3.0625,2.365265362481564,0.6833502566706154,0.78125
20News,2,32,0.3,1.0,3.0625,8.692113471657489,0.7278092739888307,0.7746031746031746
20News,2,64,0.0,0.01,2.921875,0.9283040302994058,0.7397825351159248,0.8117647058823529
20News,2,64,0.0,0.1,2.921875,2.879797139013019,0.7668387205957015,0.8088467614533965
20News,2,64,0.0,1.0,2.921875,6.563744514573611,0.7599706662153777,0.7980769230769231
20News,2,64,0.05,0.01,2.921875,0.8678261343869661,0.7127334010266824,0.8017118402282454
20News,2,64,0.05,0.1,2.921875,3.005344917442487,0.7680092514243809,0.8076311605723371
20News,2,64,0.05,1.0,2.921875,7.00952242946444,0.7457903198510746,0.7878787878787878
20News,2,64,0.1,0.01,2.921875,0.7719460974580068,0.6717930275850398,0.7896879240162822
20News,2,64,0.1,0.1,2.921875,3.100908504000181,0.7576296045580189,0.8006329113924051
20News,2,64,0.1,1.0,2.921875,7.49801735060322,0.7463755852654144,0.7872
20News,2,64,0.2,0.01,2.921875,0.5759941421815026,0.5665228182997687,0.7546239210850801
20News,2,64,0.2,0.1,2.921875,3.0780563521655253,0.7487095955322389,0.7993779160186625
20News,2,64,0.2,1.0,2.921875,8.623609889619301,0.7675720652112596,0.8044871794871795
20News,2,64,0.3,0.01,2.921875,0.38143882921268935,0.5,0.731764705882353
20News,2,64,0.3,0.1,2.921875,2.5862268018790133,0.6950485135668754,0.782608695652174
20News,2,64,0.3,1.0,2.921875,8.983885296375552,0.733802955942912,0.7790143084260731
20News,2,128,0.0,0.01,2.9296875,0.9830735817272477,0.7390562418909009,0.8024132730015083
20News,2,128,0.0,0.1,2.9296875,3.1023717962882444,0.7602597732272804,0.8050314465408805
20News,2,128,0.0,1.0,2.9296875,7.89456762244972,0.7628969932870762,0.7947882736156352
20News,2,128,0.05,0.01,2.9296875,0.9226107842705074,0.72633553336718,0.798219584569733
20News,2,128,0.05,0.1,2.9296875,3.169850059037725,0.7612822248547414,0.8075117370892019
20News,2,128,0.05,1.0,2.9296875,8.194905366673943,0.7573404975461161,0.7935483870967742
20News,2,128,0.1,0.01,2.9296875,0.8391542118905535,0.700456930106617,0.7872648335745297
20News,2,128,0.1,0.1,2.9296875,3.253082348267816,0.756310994528121,0.8055987558320373
20News,2,128,0.1,1.0,2.9296875,8.636101627609865,0.76698679979692,0.805111821086262
20News,2,128,0.2,0.01,2.9296875,0.6282340369802338,0.6155017769504146,0.7717948717948718
20News,2,128,0.2,0.1,2.9296875,3.195539436587121,0.7377446832515372,0.7932098765432098
20News,2,128,0.2,1.0,2.9296875,9.255200157144184,0.7712246855079822,0.8114104595879557
20News,2,128,0.3,0.01,2.9296875,0.4322822593597228,0.5027782478704801,0.731995277449823
20News,2,128,0.3,0.1,2.9296875,2.7710866303955726,0.695929937383652,0.7744807121661721
20News,2,128,0.3,1.0,2.9296875,9.718081656023514,0.7582148699723585,0.8
