dataset,seed,arm,k,p,budget,mean_weight,amplification,balanced,f1
EColi,0,spectral,4,0.0,1000.0,2.0,1.0,0.673570487483531,0.46774193548387094
EColi,0,spectral,4,0.0,10000.0,2.0,1.0,0.673570487483531,0.46774193548387094
EColi,0,spectral,4,0.0,inf,2.0,1.0,0.673570487483531,0.46774193548387094
EColi,0,spectral,4,0.01,1000.0,2.0,1.0273947332299627,0.673570487483531,0.46774193548387094
EColi,0,spectral,4,0.01,10000.0,2.0,1.0273947332299627,0.673570487483531,0.46774193548387094
EColi,0,spectral,4,0.01,inf,2.0,1.0273947332299627,0.673570487483531,0.46774193548387094
EColi,0,spectral,4,0.05,1000.0,2.0,1.1534321636817992,0.673570487483531,0.46774193548387094
EColi,0,spectral,4,0.05,10000.0,2.0,1.1534321636817992,0.673570487483531,0.46774193548387094
EColi,0,spectral,4,0.05,inf,2.0,1.1534321636817992,0.673570487483531,0.46774193548387094
EColi,0,spectral,4,0.1,1000.0,2.0,1.3588109660025909,0.673570487483531,0.46774193548387094
EColi,0,spectral,4,0.1,10000.0,2.0,1.3588109660025909,0.673570487483531,0.46774193548387094
EColi,0,spectral,4,0.1,inf,2.0,1.3588109660025909,0.673570487483531,0.46774193548387094
EColi,0,spectral,4,0.2,1000.0,2.0,2.04419097056212,0.673570487483531,0.46774193548387094
EColi,0,spectral,4,0.2,10000.0,2.0,2.04419097056212,0.673570487483531,0.46774193548387094
EColi,0,spectral,4,0.2,inf,2.0,2.04419097056212,0.673570487483531,0.46774193548387094
EColi,0,spectral,8,0.0,1000.0,2.375,1.0,0.6651778656126481,0.46153846153846156
EColi,0,spectral,8,0.0,10000.0,2.375,1.0,0.6651778656126481,0.46153846153846156
EColi,0,spectral,8,0.0,inf,2.375,1.0,0.6651778656126481,0.46153846153846156
EColi,0,spectral,8,0.01,1000.0,2.375,1.032531089911699,0.6651778656126481,0.46153846153846156
EColi,0,spectral,8,0.01,10000.0,2.375,1.032531089911699,0.6651778656126481,0.46153846153846156
EColi,0,spectral,8,0.01,inf,2.375,1.032531089911699,0.6651778656126481,0.46153846153846156
EColi,0,spectral,8,0.05,1000.0,2.375,1.182176697209496,0.6651778656126481,0.46153846153846156
EColi,0,spectral,8,0.05,10000.0,2.375,1.182176697209496,0.6651778656126481,0.46153846153846156
EColi,0,spectral,8,0.05,inf,2.375,1.182176697209496,0.6651778656126481,0.46153846153846156
EColi,0,spectral,8,0.1,1000.0,2.375,1.4258341794755085,0.6651778656126481,0.46153846153846156
EColi,0,spectral,8,0.1,10000.0,2.375,1.4258341794755085,0.6651778656126481,0.46153846153846156
EColi,0,spectral,8,0.1,inf,2.375,1.4258341794755085,0.6651778656126481,0.46153846153846156
EColi,0,spectral,8,0.2,1000.0,2.375,2.236151902192473,0.6651778656126481,0.46153846153846156
EColi,0,spectral,8,0.2,10000.0,2.375,2.236151902192473,0.6651778656126481,0.46153846153846156
EColi,0,spectral,8,0.2,inf,2.375,2.236151902192473,0.6651778656126481,0.46153846153846156
EColi,0,spectral,16,0.0,1000.0,2.5,1.0,0.8049275362318841,0.6712328767123288
EColi,0,spectral,16,0.0,10000.0,2.5,1.0,0.8049275362318841,0.6712328767123288
EColi,0,spectral,16,0.0,inf,2.5,1.0,0.8049275362318841,0.6712328767123288
EColi,0,spectral,16,0.01,1000.0,2.5,1.034254827893655,0.8049275362318841,0.6712328767123288
EColi,0,spectral,16,0.01,10000.0,2.5,1.034254827893655,0.8049275362318841,0.6712328767123288
EColi,0,spectral,16,0.01,inf,2.5,1.034254827893655,0.8049275362318841,0.6712328767123288
EColi,0,spectral,16,0.05,1000.0,2.5,1.1921074552269886,0.8069038208168643,0.6805555555555556
EColi,0,spectral,16,0.05,10000.0,2.5,1.1921074552269886,0.8049275362318841,0.6712328767123288
EColi,0,spectral,16,0.05,inf,2.5,1.1921074552269886,0.8049275362318841,0.6712328767123288
EColi,0,spectral,16,0.1,1000.0,2.5,1.4499579846644024,0.8049275362318841,0.6712328767123288
EColi,0,spectral,16,0.1,10000.0,2.5,1.4499579846644024,0.8049275362318841,0.6712328767123288
EColi,0,spectral,16,0.1,inf,2.5,1.4499579846644024,0.8049275362318841,0.6712328767123288
EColi,0,spectral,16,0.2,1000.0,2.5,2.312410354483983,0.7982608695652174,0.6620689655172414
EColi,0,spectral,16,0.2,10000.0,2.5,2.312410354483983,0.8049275362318841,0.6712328767123288
EColi,0,spectral,16,0.2,inf,2.5,2.312410354483983,0.8049275362318841,0.6712328767123288
EColi,0,spectral,32,0.0,1000.0,2.75,1.0,0.863201581027668,0.7651006711409396
EColi,0,spectral,32,0.0,10000.0,2.75,1.0,0.863201581027668,0.7651006711409396
EColi,0,spectral,32,0.0,inf,2.75,1.0,0.863201581027668,0.7651006711409396
EColi,0,spectral,32,0.01,1000.0,2.75,1.0377196584981894,0.863201581027668,0.7651006711409396
EColi,0,spectral,32,0.01,10000.0,2.75,1.0377196584981894,0.863201581027668,0.7651006711409396
EColi,0,spectral,32,0.01,inf,2.75,1.0377196584981894,0.863201581027668,0.7651006711409396
EColi,0,spectral,32,0.05,1000.0,2.75,1.212483893429821,0.863201581027668,0.7651006711409396
EColi,0,spectral,32,0.05,10000.0,2.75,1.212483893429821,0.843201581027668,0.7397260273972602
EColi,0,spectral,32,0.05,inf,2.75,1.212483893429821,0.863201581027668,0.7651006711409396
EColi,0,spectral,32,0.1,1000.0,2.75,1.5008184237246593,0.863201581027668,0.7651006711409396
EColi,0,spectral,32,0.1,10000.0,2.75,1.5008184237246593,0.863201581027668,0.7651006711409396
EColi,0,spectral,32,0.1,inf,2.75,1.5008184237246593,0.863201581027668,0.7651006711409396
EColi,0,spectral,32,0.2,1000.0,2.75,2.483471074380165,0.863201581027668,0.7651006711409396
EColi,0,spectral,32,0.2,10000.0,2.75,2.483471074380165,0.863201581027668,0.7651006711409396
EColi,0,spectral,32,0.2,inf,2.75,2.483471074380165,0.863201581027668,0.7651006711409396
EColi,0,spectral,64,0.0,1000.0,2.953125,1.0,0.8308563899868248,0.7272727272727273
EColi,0,spectral,64,0.0,10000.0,2.953125,1.0,0.8365349143610012,0.7310344827586207
EColi,0,spectral,64,0.0,inf,2.953125,1.0,0.8308563899868248,0.7272727272727273
EColi,0,spectral,64,0.01,1000.0,2.953125,1.040527789522385,0.8308563899868248,0.7272727272727273
EColi,0,spectral,64,0.01,10000.0,2.953125,1.040527789522385,0.8308563899868248,0.7272727272727273
EColi,0,spectral,64,0.01,inf,2.953125,1.040527789522385,0.8308563899868248,0.7272727272727273
EColi,0,spectral,64,0.05,1000.0,2.953125,1.2288096919252394,0.8308563899868248,0.7272727272727273
EColi,0,spectral,64,0.05,10000.0,2.953125,1.2288096919252394,0.8318445322793149,0.7323943661971831
EColi,0,spectral,64,0.05,inf,2.953125,1.2288096919252394,0.8308563899868248,0.7272727272727273
EColi,0,spectral,64,0.1,1000.0,2.953125,1.5408391250306361,0.8308563899868248,0.7272727272727273
EColi,0,spectral,64,0.1,10000.0,2.953125,1.5408391250306361,0.8471541501976285,0.7605633802816901
EColi,0,spectral,64,0.1,inf,2.953125,1.5408391250306361,0.8308563899868248,0.7272727272727273
EColi,0,spectral,64,0.2,1000.0,2.953125,2.61132692439041,0.8308563899868248,0.7272727272727273
EColi,0,spectral,64,0.2,10000.0,2.953125,2.61132692439041,0.8375230566534915,0.7361111111111112
EColi,0,spectral,64,0.2,inf,2.953125,2.61132692439041,0.8308563899868248,0.7272727272727273
EColi,0,spectral,128,0.0,1000.0,2.9453125,1.0,0.8548089591567852,0.7746478873239436
EColi,0,spectral,128,0.0,10000.0,2.9453125,1.0,0.8404874835309618,0.75177304964539
EColi,0,spectral,128,0.0,inf,2.9453125,1.0,0.8548089591567852,0.7746478873239436
EColi,0,spectral,128,0.01,1000.0,2.9453125,1.040406230962314,0.8548089591567852,0.7746478873239436
EColi,0,spectral,128,0.01,10000.0,2.9453125,1.040406230962314,0.8548089591567852,0.7746478873239436
EColi,0,spectral,128,0.01,inf,2.9453125,1.040406230962314,0.8548089591567852,0.7746478873239436
EColi,0,spectral,128,0.05,1000.0,2.9453125,1.2277692725687213,0.8548089591567852,0.7746478873239436
EColi,0,spectral,128,0.05,10000.0,2.9453125,1.2277692725687213,0.8548089591567852,0.7746478873239436
EColi,0,spectral,128,0.05,inf,2.9453125,1.2277692725687213,0.8548089591567852,0.7746478873239436
EColi,0,spectral,128,0.1,1000.0,2.9453125,1.5371502004481634,0.8548089591567852,0.7746478873239436
EColi,0,spectral,128,0.1,10000.0,2.9453125,1.5371502004481634,0.8481422924901185,0.7659574468085106
EColi,0,spectral,128,0.1,inf,2.9453125,1.5371502004481634,0.8548089591567852,0.7746478873239436
EColi,0,spectral,128,0.2,1000.0,2.9453125,2.590667901782665,0.8548089591567852,0.7746478873239436
EColi,0,spectral,128,0.2,10000.0,2.9453125,2.590667901782665,0.8491304347826087,0.7714285714285715
EColi,0,spectral,128,0.2,inf,2.9453125,2.590667901782665,0.8548089591567852,0.7746478873239436
EColi,0,random_live,4,0.0,1000.0,2.75,1.0,0.5570355731225296,0.20689655172413793
EColi,0,random_live,4,0.0,10000.0,2.75,1.0,0.5570355731225296,0.20689655172413793
EColi,0,random_live,4,0.0,inf,2.75,1.0,0.5570355731225296,0.20689655172413793
EColi,0,random_live,4,0.01,1000.0,2.75,1.0376674465934355,0.5570355731225296,0.20689655172413793
EColi,0,random_live,4,0.01,10000.0,2.75,1.0376674465934355,0.5570355731225296,0.20689655172413793
EColi,0,random_live,4,0.01,inf,2.75,1.0376674465934355,0.5570355731225296,0.20689655172413793
EColi,0,random_live,4,0.05,1000.0,2.75,1.2109212307371928,0.5570355731225296,0.20689655172413793
EColi,0,random_live,4,0.05,10000.0,2.75,1.2109212307371928,0.5570355731225296,0.20689655172413793
EColi,0,random_live,4,0.05,inf,2.75,1.2109212307371928,0.5570355731225296,0.20689655172413793
EColi,0,random_live,4,0.1,1000.0,2.75,1.4928573929484261,0.5570355731225296,0.20689655172413793
EColi,0,random_live,4,0.1,10000.0,2.75,1.4928573929484261,0.5570355731225296,0.20689655172413793
EColi,0,random_live,4,0.1,inf,2.75,1.4928573929484261,0.5570355731225296,0.20689655172413793
EColi,0,random_live,4,0.2,1000.0,2.75,2.428112833822826,0.5570355731225296,0.20689655172413793
EColi,0,random_live,4,0.2,10000.0,2.75,2.428112833822826,0.5570355731225296,0.20689655172413793
EColi,0,random_live,4,0.2,inf,2.75,2.428112833822826,0.5570355731225296,0.20689655172413793
EColi,0,random_live,8,0.0,1000.0,2.75,1.0,0.7155467720685111,0.546875
EColi,0,random_live,8,0.0,10000.0,2.75,1.0,0.7155467720685111,0.546875
EColi,0,random_live,8,0.0,inf,2.75,1.0,0.7155467720685111,0.546875
EColi,0,random_live,8,0.01,1000.0,2.75,1.0376674465934355,0.7155467720685111,0.546875
EColi,0,random_live,8,0.01,10000.0,2.75,1.0376674465934355,0.7155467720685111,0.546875
EColi,0,random_live,8,0.01,inf,2.75,1.0376674465934355,0.7155467720685111,0.546875
EColi,0,random_live,8,0.05,1000.0,2.75,1.2109212307371928,0.7155467720685111,0.546875
EColi,0,random_live,8,0.05,10000.0,2.75,1.2109212307371928,0.7155467720685111,0.546875
EColi,0,random_live,8,0.05,inf,2.75,1.2109212307371928,0.7155467720685111,0.546875
EColi,0,random_live,8,0.1,1000.0,2.75,1.4928573929484261,0.7155467720685111,0.546875
EColi,0,random_live,8,0.1,10000.0,2.75,1.4928573929484261,0.7155467720685111,0.546875
EColi,0,random_live,8,0.1,inf,2.75,1.4928573929484261,0.7155467720685111,0.546875
EColi,0,random_live,8,0.2,1000.0,2.75,2.428112833822826,0.7155467720685111,0.546875
EColi,0,random_live,8,0.2,10000.0,2.75,2.428112833822826,0.7155467720685111,0.546875
EColi,0,random_live,8,0.2,inf,2.75,2.428112833822826,0.7155467720685111,0.546875
EColi,0,random_live,16,0.0,1000.0,2.5625,1.0,0.7802371541501976,0.6428571428571429
EColi,0,random_live,16,0.0,10000.0,2.5625,1.0,0.7688801054018446,0.6323529411764706
EColi,0,random_live,16,0.0,inf,2.5625,1.0,0.7688801054018446,0.6323529411764706
EColi,0,random_live,16,0.01,1000.0,2.5625,1.0350528391437552,0.7688801054018446,0.6323529411764706
EColi,0,random_live,16,0.01,10000.0,2.5625,1.0350528391437552,0.7688801054018446,0.6323529411764706
EColi,0,random_live,16,0.01,inf,2.5625,1.0350528391437552,0.7688801054018446,0.6323529411764706
EColi,0,random_live,16,0.05,1000.0,2.5625,1.1951563150770512,0.7688801054018446,0.6323529411764706
EColi,0,random_live,16,0.05,10000.0,2.5625,1.1951563150770512,0.7688801054018446,0.6323529411764706
EColi,0,random_live,16,0.05,inf,2.5625,1.1951563150770512,0.7688801054018446,0.6323529411764706
EColi,0,random_live,16,0.1,1000.0,2.5625,1.4522206855502258,0.7688801054018446,0.6323529411764706
EColi,0,random_live,16,0.1,10000.0,2.5625,1.4522206855502258,0.7688801054018446,0.6323529411764706
EColi,0,random_live,16,0.1,inf,2.5625,1.4522206855502258,0.7688801054018446,0.6323529411764706
EColi,0,random_live,16,0.2,1000.0,2.5625,2.28186257769278,0.7545586297760211,0.6074074074074074
EColi,0,random_live,16,0.2,10000.0,2.5625,2.28186257769278,0.7688801054018446,0.6323529411764706
EColi,0,random_live,16,0.2,inf,2.5625,2.28186257769278,0.7688801054018446,0.6323529411764706
EColi,0,random_live,32,0.0,1000.0,2.6875,1.0,0.8367852437417655,0.7591240875912408
EColi,0,random_live,32,0.0,10000.0,2.6875,1.0,0.8367852437417655,0.7591240875912408
EColi,0,random_live,32,0.0,inf,2.6875,1.0,0.8367852437417655,0.7591240875912408
EColi,0,random_live,32,0.01,1000.0,2.6875,1.0368055765603248,0.8367852437417655,0.7591240875912408
EColi,0,random_live,32,0.01,10000.0,2.6875,1.0368055765603248,0.8444400527009223,0.7737226277372263
EColi,0,random_live,32,0.01,inf,2.6875,1.0368055765603248,0.8367852437417655,0.7591240875912408
EColi,0,random_live,32,0.05,1000.0,2.6875,1.205955038265306,0.8367852437417655,0.7591240875912408
EColi,0,random_live,32,0.05,10000.0,2.6875,1.205955038265306,0.8367852437417655,0.7591240875912408
EColi,0,random_live,32,0.05,inf,2.6875,1.205955038265306,0.8367852437417655,0.7591240875912408
EColi,0,random_live,32,0.1,1000.0,2.6875,1.4807779839641468,0.8367852437417655,0.7591240875912408
EColi,0,random_live,32,0.1,10000.0,2.6875,1.4807779839641468,0.8367852437417655,0.7591240875912408
EColi,0,random_live,32,0.1,inf,2.6875,1.4807779839641468,0.8367852437417655,0.7591240875912408
EColi,0,random_live,32,0.2,1000.0,2.6875,2.3894371969127786,0.8367852437417655,0.7591240875912408
EColi,0,random_live,32,0.2,10000.0,2.6875,2.3894371969127786,0.8367852437417655,0.7591240875912408
EColi,0,random_live,32,0.2,inf,2.6875,2.3894371969127786,0.8367852437417655,0.7591240875912408
EColi,0,random_live,64,0.0,1000.0,2.859375,1.0,0.852832674571805,0.7638888888888888
EColi,0,random_live,64,0.0,10000.0,2.859375,1.0,0.852832674571805,0.7638888888888888
EColi,0,random_live,64,0.0,inf,2.859375,1.0,0.852832674571805,0.7638888888888888
EColi,0,random_live,64,0.01,1000.0,2.859375,1.0392002027632299,0.852832674571805,0.7638888888888888
EColi,0,random_live,64,0.01,10000.0,2.859375,1.0392002027632299,0.8538208168642951,0.7692307692307693
EColi,0,random_live,64,0.01,inf,2.859375,1.0392002027632299,0.852832674571805,0.7638888888888888
EColi,0,random_live,64,0.05,1000.0,2.859375,1.2203228309818823,0.852832674571805,0.7638888888888888
EColi,0,random_live,64,0.05,10000.0,2.859375,1.2203228309818823,0.8565349143610013,0.7567567567567568
EColi,0,random_live,64,0.05,inf,2.859375,1.2203228309818823,0.852832674571805,0.7638888888888888
EColi,0,random_live,64,0.1,1000.0,2.859375,1.5174593414096145,0.852832674571805,0.7638888888888888
EColi,0,random_live,64,0.1,10000.0,2.859375,1.5174593414096145,0.852832674571805,0.7638888888888888
EColi,0,random_live,64,0.1,inf,2.859375,1.5174593414096145,0.852832674571805,0.7638888888888888
EColi,0,random_live,64,0.2,1000.0,2.859375,2.517182057236527,0.852832674571805,0.7638888888888888
EColi,0,random_live,64,0.2,10000.0,2.859375,2.517182057236527,0.8365349143610012,0.7310344827586207
EColi,0,random_live,64,0.2,inf,2.859375,2.517182057236527,0.852832674571805,0.7638888888888888
EColi,0,random_live,128,0.0,1000.0,2.953125,1.0,0.8548089591567852,0.7746478873239436
EColi,0,random_live,128,0.0,10000.0,2.953125,1.0,0.8538208168642951,0.7692307692307693
EColi,0,random_live,128,0.0,inf,2.953125,1.0,0.8548089591567852,0.7746478873239436
EColi,0,random_live,128,0.01,1000.0,2.953125,1.0405132319666972,0.8548089591567852,0.7746478873239436
EColi,0,random_live,128,0.01,10000.0,2.953125,1.0405132319666972,0.8538208168642951,0.7692307692307693
EColi,0,random_live,128,0.01,inf,2.953125,1.0405132319666972,0.8548089591567852,0.7746478873239436
EColi,0,random_live,128,0.05,1000.0,2.953125,1.2283671679768846,0.8548089591567852,0.7746478873239436
EColi,0,random_live,128,0.05,10000.0,2.953125,1.2283671679768846,0.8538208168642951,0.7692307692307693
EColi,0,random_live,128,0.05,inf,2.953125,1.2283671679768846,0.8548089591567852,0.7746478873239436
EColi,0,random_live,128,0.1,1000.0,2.953125,1.5385370347676899,0.8548089591567852,0.7746478873239436
EColi,0,random_live,128,0.1,10000.0,2.953125,1.5385370347676899,0.8548089591567852,0.7746478873239436
EColi,0,random_live,128,0.1,inf,2.953125,1.5385370347676899,0.8548089591567852,0.7746478873239436
EColi,0,random_live,128,0.2,1000.0,2.953125,2.594541868724814,0.8548089591567852,0.7746478873239436
EColi,0,random_live,128,0.2,10000.0,2.953125,2.594541868724814,0.8548089591567852,0.7746478873239436
EColi,0,random_live,128,0.2,inf,2.953125,2.594541868724814,0.8548089591567852,0.7746478873239436
EColi,1,spectral,4,0.0,1000.0,1.75,1.0,0.6827203106461007,0.44
EColi,1,spectral,4,0.0,10000.0,1.75,1.0,0.6827203106461007,0.44
EColi,1,spectral,4,0.0,inf,1.75,1.0,0.6827203106461007,0.44
EColi,1,spectral,4,0.01,1000.0,1.75,1.0238775344007265,0.6827203106461007,0.44
EColi,1,spectral,4,0.01,10000.0,1.75,1.0238775344007265,0.6827203106461007,0.44
EColi,1,spectral,4,0.01,inf,1.75,1.0238775344007265,0.6827203106461007,0.44
EColi,1,spectral,4,0.05,1000.0,1.75,1.1314686588921283,0.6827203106461007,0.44
EColi,1,spectral,4,0.05,10000.0,1.75,1.1314686588921283,0.6827203106461007,0.44
EColi,1,spectral,4,0.05,inf,1.75,1.1314686588921283,0.6827203106461007,0.44
EColi,1,spectral,4,0.1,1000.0,1.75,1.2997269003186163,0.6827203106461007,0.44
EColi,1,spectral,4,0.1,10000.0,1.75,1.2997269003186163,0.6827203106461007,0.44
EColi,1,spectral,4,0.1,inf,1.75,1.2997269003186163,0.6827203106461007,0.44
EColi,1,spectral,4,0.2,1000.0,1.75,1.8136739293764086,0.6827203106461007,0.44
EColi,1,spectral,4,0.2,10000.0,1.75,1.8136739293764086,0.6827203106461007,0.44
EColi,1,spectral,4,0.2,inf,1.75,1.8136739293764086,0.6827203106461007,0.44
EColi,1,spectral,8,0.0,1000.0,2.0,1.0,0.7943992018121022,0.6571428571428571
EColi,1,spectral,8,0.0,10000.0,2.0,1.0,0.7943992018121022,0.6571428571428571
EColi,1,spectral,8,0.0,inf,2.0,1.0,0.7943992018121022,0.6571428571428571
EColi,1,spectral,8,0.01,1000.0,2.0,1.0273253230045336,0.7943992018121022,0.6571428571428571
EColi,1,spectral,8,0.01,10000.0,2.0,1.0273253230045336,0.7943992018121022,0.6571428571428571
EColi,1,spectral,8,0.01,inf,2.0,1.0273253230045336,0.7943992018121022,0.6571428571428571
EColi,1,spectral,8,0.05,1000.0,2.0,1.1513789827155352,0.7943992018121022,0.6571428571428571
EColi,1,spectral,8,0.05,10000.0,2.0,1.1513789827155352,0.7943992018121022,0.6571428571428571
EColi,1,spectral,8,0.05,inf,2.0,1.1513789827155352,0.7943992018121022,0.6571428571428571
EColi,1,spectral,8,0.1,1000.0,2.0,1.3484997023913727,0.7943992018121022,0.6571428571428571
EColi,1,spectral,8,0.1,10000.0,2.0,1.3484997023913727,0.7943992018121022,0.6571428571428571
EColi,1,spectral,8,0.1,inf,2.0,1.3484997023913727,0.7943992018121022,0.6571428571428571
EColi,1,spectral,8,0.2,1000.0,2.0,1.9743869954238096,0.7943992018121022,0.6571428571428571
EColi,1,spectral,8,0.2,10000.0,2.0,1.9743869954238096,0.7943992018121022,0.6571428571428571
EColi,1,spectral,8,0.2,inf,2.0,1.9743869954238096,0.7943992018121022,0.6571428571428571
EColi,1,spectral,16,0.0,1000.0,2.3125,1.0,0.8002642649120915,0.6619718309859155
EColi,1,spectral,16,0.0,10000.0,2.3125,1.0,0.8002642649120915,0.6619718309859155
EColi,1,spectral,16,0.0,inf,2.3125,1.0,0.8002642649120915,0.6619718309859155
EColi,1,spectral,16,0.01,1000.0,2.3125,1.0316402204439747,0.8002642649120915,0.6619718309859155
EColi,1,spectral,16,0.01,10000.0,2.3125,1.0316402204439747,0.8002642649120915,0.6619718309859155
EColi,1,spectral,16,0.01,inf,2.3125,1.0316402204439747,0.8002642649120915,0.6619718309859155
EColi,1,spectral,16,0.05,1000.0,2.3125,1.1763425395668472,0.8002642649120915,0.6619718309859155
EColi,1,spectral,16,0.05,10000.0,2.3125,1.1763425395668472,0.8002642649120915,0.6619718309859155
EColi,1,spectral,16,0.05,inf,2.3125,1.1763425395668472,0.8002642649120915,0.6619718309859155
EColi,1,spectral,16,0.1,1000.0,2.3125,1.409321277266202,0.8002642649120915,0.6619718309859155
EColi,1,spectral,16,0.1,10000.0,2.3125,1.409321277266202,0.8002642649120915,0.6619718309859155
EColi,1,spectral,16,0.1,inf,2.3125,1.409321277266202,0.8002642649120915,0.6619718309859155
EColi,1,spectral,16,0.2,1000.0,2.3125,2.166160098353937,0.8002642649120915,0.6619718309859155
EColi,1,spectral,16,0.2,10000.0,2.3125,2.166160098353937,0.8002642649120915,0.6619718309859155
EColi,1,spectral,16,0.2,inf,2.3125,2.166160098353937,0.8002642649120915,0.6619718309859155
EColi,1,spectral,32,0.0,1000.0,2.4375,1.0,0.8022327688490993,0.6714285714285714
EColi,1,spectral,32,0.0,10000.0,2.4375,1.0,0.8022327688490993,0.6714285714285714
EColi,1,spectral,32,0.0,inf,2.4375,1.0,0.8022327688490993,0.6714285714285714
EColi,1,spectral,32,0.01,1000.0,2.4375,1.033346451633891,0.8022327688490993,0.6714285714285714
EColi,1,spectral,32,0.01,10000.0,2.4375,1.033346451633891,0.8022327688490993,0.6714285714285714
EColi,1,spectral,32,0.01,inf,2.4375,1.033346451633891,0.8022327688490993,0.6714285714285714
EColi,1,spectral,32,0.05,1000.0,2.4375,1.1857372253748437,0.8022327688490993,0.6714285714285714
EColi,1,spectral,32,0.05,10000.0,2.4375,1.1857372253748437,0.8022327688490993,0.6714285714285714
EColi,1,spectral,32,0.05,inf,2.4375,1.1857372253748437,0.8022327688490993,0.6714285714285714
EColi,1,spectral,32,0.1,1000.0,2.4375,1.430639683484472,0.8022327688490993,0.6714285714285714
EColi,1,spectral,32,0.1,10000.0,2.4375,1.430639683484472,0.8080978319490886,0.676056338028169
EColi,1,spectral,32,0.1,inf,2.4375,1.430639683484472,0.8022327688490993,0.6714285714285714
EColi,1,spectral,32,0.2,1000.0,2.4375,2.2219622976572637,0.8022327688490993,0.6714285714285714
EColi,1,spectral,32,0.2,10000.0,2.4375,2.2219622976572637,0.8022327688490993,0.6714285714285714
EColi,1,spectral,32,0.2,inf,2.4375,2.2219622976572637,0.8022327688490993,0.6714285714285714
EColi,1,spectral,64,0.0,1000.0,2.6875,1.0,0.788534138712113,0.6521739130434783
EColi,1,spectral,64,0.0,10000.0,2.6875,1.0,0.788534138712113,0.6521739130434783
EColi,1,spectral,64,0.0,inf,2.6875,1.0,0.788534138712113,0.6521739130434783
EColi,1,spectral,64,0.01,1000.0,2.6875,1.0368199585166042,0.788534138712113,0.6521739130434783
EColi,1,spectral,64,0.01,10000.0,2.6875,1.0368199585166042,0.7797163197066119,0.6330935251798561
EColi,1,spectral,64,0.01,inf,2.6875,1.0368199585166042,0.788534138712113,0.6521739130434783
EColi,1,spectral,64,0.05,1000.0,2.6875,1.206370311198459,0.788534138712113,0.6521739130434783
EColi,1,spectral,64,0.05,10000.0,2.6875,1.206370311198459,0.788534138712113,0.6521739130434783
EColi,1,spectral,64,0.05,inf,2.6875,1.206370311198459,0.788534138712113,0.6521739130434783
EColi,1,spectral,64,0.1,1000.0,2.6875,1.4827890304961309,0.788534138712113,0.6521739130434783
EColi,1,spectral,64,0.1,10000.0,2.6875,1.4827890304961309,0.7748355085751267,0.6323529411764706
EColi,1,spectral,64,0.1,inf,2.6875,1.4827890304961309,0.788534138712113,0.6521739130434783
EColi,1,spectral,64,0.2,1000.0,2.6875,2.4017485144457345,0.788534138712113,0.6521739130434783
EColi,1,spectral,64,0.2,10000.0,2.6875,2.4017485144457345,0.788534138712113,0.6521739130434783
EColi,1,spectral,64,0.2,inf,2.6875,2.4017485144457345,0.788534138712113,0.6521739130434783
EColi,1,spectral,128,0.0,1000.0,2.9140625,1.0,0.7894779419695825,0.6344827586206897
EColi,1,spectral,128,0.0,10000.0,2.9140625,1.0,0.7953430050695718,0.6394557823129252
EColi,1,spectral,128,0.0,inf,2.9140625,1.0,0.7894779419695825,0.6344827586206897
EColi,1,spectral,128,0.01,1000.0,2.9140625,1.039968046608172,0.7904621939380865,0.6388888888888888
EColi,1,spectral,128,0.01,10000.0,2.9140625,1.039968046608172,0.7914464459065904,0.6433566433566433
EColi,1,spectral,128,0.01,inf,2.9140625,1.039968046608172,0.7904621939380865,0.6388888888888888
EColi,1,spectral,128,0.05,1000.0,2.9140625,1.2250695917716574,0.7904621939380865,0.6388888888888888
EColi,1,spectral,128,0.05,10000.0,2.9140625,1.2250695917716574,0.7943587531010678,0.6351351351351351
EColi,1,spectral,128,0.05,inf,2.9140625,1.2250695917716574,0.7904621939380865,0.6388888888888888
EColi,1,spectral,128,0.1,1000.0,2.9140625,1.5300108758446829,0.7894779419695825,0.6344827586206897
EColi,1,spectral,128,0.1,10000.0,2.9140625,1.5300108758446829,0.7973115090065797,0.6482758620689655
EColi,1,spectral,128,0.1,inf,2.9140625,1.5300108758446829,0.7894779419695825,0.6344827586206897
EColi,1,spectral,128,0.2,1000.0,2.9140625,2.5637742469776654,0.7904621939380865,0.6388888888888888
EColi,1,spectral,128,0.2,10000.0,2.9140625,2.5637742469776654,0.7963272570380757,0.6438356164383562
EColi,1,spectral,128,0.2,inf,2.9140625,2.5637742469776654,0.7894779419695825,0.6344827586206897
EColi,1,random_live,4,0.0,1000.0,2.75,1.0,0.6946526804012512,0.5263157894736842
EColi,1,random_live,4,0.0,10000.0,2.75,1.0,0.6946526804012512,0.5263157894736842
EColi,1,random_live,4,0.0,inf,2.75,1.0,0.6946526804012512,0.5263157894736842
EColi,1,random_live,4,0.01,1000.0,2.75,1.0377137172980335,0.6946526804012512,0.5263157894736842
EColi,1,random_live,4,0.01,10000.0,2.75,1.0377137172980335,0.6946526804012512,0.5263157894736842
EColi,1,random_live,4,0.01,inf,2.75,1.0377137172980335,0.6946526804012512,0.5263157894736842
EColi,1,random_live,4,0.05,1000.0,2.75,1.2122878488129945,0.6946526804012512,0.5263157894736842
EColi,1,random_live,4,0.05,10000.0,2.75,1.2122878488129945,0.6946526804012512,0.5263157894736842
EColi,1,random_live,4,0.05,inf,2.75,1.2122878488129945,0.6946526804012512,0.5263157894736842
EColi,1,random_live,4,0.1,1000.0,2.75,1.4996848849830187,0.6946526804012512,0.5263157894736842
EColi,1,random_live,4,0.1,10000.0,2.75,1.4996848849830187,0.6946526804012512,0.5263157894736842
EColi,1,random_live,4,0.1,inf,2.75,1.4996848849830187,0.6946526804012512,0.5263157894736842
EColi,1,random_live,4,0.2,1000.0,2.75,2.4731917218769204,0.6946526804012512,0.5263157894736842
EColi,1,random_live,4,0.2,10000.0,2.75,2.4731917218769204,0.6946526804012512,0.5263157894736842
EColi,1,random_live,4,0.2,inf,2.75,2.4731917218769204,0.6946526804012512,0.5263157894736842
EColi,1,random_live,8,0.0,1000.0,2.875,1.0,0.7719232013806493,0.6412213740458015
EColi,1,random_live,8,0.0,10000.0,2.875,1.0,0.7719232013806493,0.6412213740458015
EColi,1,random_live,8,0.0,inf,2.875,1.0,0.7719232013806493,0.6412213740458015
EColi,1,random_live,8,0.01,1000.0,2.875,1.0394257333681578,0.7719232013806493,0.6412213740458015
EColi,1,random_live,8,0.01,10000.0,2.875,1.0394257333681578,0.7719232013806493,0.6412213740458015
EColi,1,random_live,8,0.01,inf,2.875,1.0394257333681578,0.7719232013806493,0.6412213740458015
EColi,1,random_live,8,0.05,1000.0,2.875,1.2218541753436067,0.7719232013806493,0.6412213740458015
EColi,1,random_live,8,0.05,10000.0,2.875,1.2218541753436067,0.7719232013806493,0.6412213740458015
EColi,1,random_live,8,0.05,inf,2.875,1.2218541753436067,0.7719232013806493,0.6412213740458015
EColi,1,random_live,8,0.1,1000.0,2.875,1.5218742340954448,0.7719232013806493,0.6412213740458015
EColi,1,random_live,8,0.1,10000.0,2.875,1.5218742340954448,0.7719232013806493,0.6412213740458015
EColi,1,random_live,8,0.1,inf,2.875,1.5218742340954448,0.7719232013806493,0.6412213740458015
EColi,1,random_live,8,0.2,1000.0,2.875,2.535175192951301,0.7719232013806493,0.6412213740458015
EColi,1,random_live,8,0.2,10000.0,2.875,2.535175192951301,0.7719232013806493,0.6412213740458015
EColi,1,random_live,8,0.2,inf,2.875,2.535175192951301,0.7719232013806493,0.6412213740458015
EColi,1,random_live,16,0.0,1000.0,2.8125,1.0,0.7807005716751159,0.6376811594202898
EColi,1,random_live,16,0.0,10000.0,2.8125,1.0,0.8139628950490778,0.6805555555555556
EColi,1,random_live,16,0.0,inf,2.8125,1.0,0.8139628950490778,0.6805555555555556
EColi,1,random_live,16,0.01,1000.0,2.8125,1.0385348659846994,0.8090820839175925,0.6808510638297872
EColi,1,random_live,16,0.01,10000.0,2.8125,1.0385348659846994,0.8139628950490778,0.6805555555555556
EColi,1,random_live,16,0.01,inf,2.8125,1.0385348659846994,0.8139628950490778,0.6805555555555556
EColi,1,random_live,16,0.05,1000.0,2.8125,1.2160216446272387,0.8120348398231043,0.6956521739130435
EColi,1,random_live,16,0.05,10000.0,2.8125,1.2160216446272387,0.8139628950490778,0.6805555555555556
EColi,1,random_live,16,0.05,inf,2.8125,1.2160216446272387,0.8139628950490778,0.6805555555555556
EColi,1,random_live,16,0.1,1000.0,2.8125,1.505396344665803,0.8139628950490778,0.6805555555555556
EColi,1,random_live,16,0.1,10000.0,2.8125,1.505396344665803,0.8139628950490778,0.6805555555555556
EColi,1,random_live,16,0.1,inf,2.8125,1.505396344665803,0.8139628950490778,0.6805555555555556
EColi,1,random_live,16,0.2,1000.0,2.8125,2.4662762106413494,0.8139628950490778,0.6805555555555556
EColi,1,random_live,16,0.2,10000.0,2.8125,2.4662762106413494,0.8139628950490778,0.6805555555555556
EColi,1,random_live,16,0.2,inf,2.8125,2.4662762106413494,0.8139628950490778,0.6805555555555556
EColi,1,random_live,32,0.0,1000.0,2.90625,1.0,0.8080978319490886,0.676056338028169
EColi,1,random_live,32,0.0,10000.0,2.90625,1.0,0.8080978319490886,0.676056338028169
EColi,1,random_live,32,0.0,inf,2.90625,1.0,0.8080978319490886,0.676056338028169
EColi,1,random_live,32,0.01,1000.0,2.90625,1.039853815545663,0.8080978319490886,0.676056338028169
EColi,1,random_live,32,0.01,10000.0,2.90625,1.039853815545663,0.8071135799805846,0.6713286713286714
EColi,1,random_live,32,0.01,inf,2.90625,1.039853815545663,0.8080978319490886,0.676056338028169
EColi,1,random_live,32,0.05,1000.0,2.90625,1.224257958923365,0.8080978319490886,0.676056338028169
EColi,1,random_live,32,0.05,10000.0,2.90625,1.224257958923365,0.8080978319490886,0.676056338028169
EColi,1,random_live,32,0.05,inf,2.90625,1.224257958923365,0.8080978319490886,0.676056338028169
EColi,1,random_live,32,0.1,1000.0,2.90625,1.5275528692972933,0.8080978319490886,0.676056338028169
EColi,1,random_live,32,0.1,10000.0,2.90625,1.5275528692972933,0.8080978319490886,0.676056338028169
EColi,1,random_live,32,0.1,inf,2.90625,1.5275528692972933,0.8080978319490886,0.676056338028169
EColi,1,random_live,32,0.2,1000.0,2.90625,2.552720101085991,0.8080978319490886,0.676056338028169
EColi,1,random_live,32,0.2,10000.0,2.90625,2.552720101085991,0.8080978319490886,0.676056338028169
EColi,1,random_live,32,0.2,inf,2.90625,2.552720101085991,0.8080978319490886,0.676056338028169
EColi,1,random_live,64,0.0,1000.0,3.0,1.0,0.7943992018121022,0.6571428571428571
EColi,1,random_live,64,0.0,10000.0,3.0,1.0,0.7953834537806062,0.6618705035971223
EColi,1,random_live,64,0.0,inf,3.0,1.0,0.7943992018121022,0.6571428571428571
EColi,1,random_live,64,0.01,1000.0,3.0,1.0411610801905158,0.7943992018121022,0.6571428571428571
EColi,1,random_live,64,0.01,10000.0,3.0,1.0411610801905158,0.7943992018121022,0.6571428571428571
EColi,1,random_live,64,0.01,inf,3.0,1.0411610801905158,0.7943992018121022,0.6571428571428571
EColi,1,random_live,64,0.05,1000.0,3.0,1.2321343157798834,0.7943992018121022,0.6571428571428571
EColi,1,random_live,64,0.05,10000.0,3.0,1.2321343157798834,0.7943992018121022,0.6571428571428571
EColi,1,random_live,64,0.05,inf,3.0,1.2321343157798834,0.7943992018121022,0.6571428571428571
EColi,1,random_live,64,0.1,1000.0,3.0,1.5478055740345225,0.7943992018121022,0.6571428571428571
EColi,1,random_live,64,0.1,10000.0,3.0,1.5478055740345225,0.7943992018121022,0.6571428571428571
EColi,1,random_live,64,0.1,inf,3.0,1.5478055740345225,0.7943992018121022,0.6571428571428571
EColi,1,random_live,64,0.2,1000.0,3.0,2.624820708967966,0.7943992018121022,0.6571428571428571
EColi,1,random_live,64,0.2,10000.0,3.0,2.624820708967966,0.8032170208176033,0.6762589928057554
EColi,1,random_live,64,0.2,inf,3.0,2.624820708967966,0.7943992018121022,0.6571428571428571
EColi,1,random_live,128,0.0,1000.0,2.9453125,1.0,0.7924306978750943,0.647887323943662
EColi,1,random_live,128,0.0,10000.0,2.9453125,1.0,0.7924306978750943,0.647887323943662
EColi,1,random_live,128,0.0,inf,2.9453125,1.0,0.7924306978750943,0.647887323943662
EColi,1,random_live,128,0.01,1000.0,2.9453125,1.0404018540037712,0.7924306978750943,0.647887323943662
EColi,1,random_live,128,0.01,10000.0,2.9453125,1.0404018540037712,0.7943992018121022,0.6571428571428571
EColi,1,random_live,128,0.01,inf,2.9453125,1.0404018540037712,0.7924306978750943,0.647887323943662
EColi,1,random_live,128,0.05,1000.0,2.9453125,1.2276350511505623,0.7924306978750943,0.647887323943662
EColi,1,random_live,128,0.05,10000.0,2.9453125,1.2276350511505623,0.7943992018121022,0.6571428571428571
EColi,1,random_live,128,0.05,inf,2.9453125,1.2276350511505623,0.7924306978750943,0.647887323943662
EColi,1,random_live,128,0.1,1000.0,2.9453125,1.5364444741080492,0.7924306978750943,0.647887323943662
EColi,1,random_live,128,0.1,10000.0,2.9453125,1.5364444741080492,0.7934149498435983,0.6524822695035462
EColi,1,random_live,128,0.1,inf,2.9453125,1.5364444741080492,0.7924306978750943,0.647887323943662
EColi,1,random_live,128,0.2,1000.0,2.9453125,2.585417235844546,0.7924306978750943,0.647887323943662
EColi,1,random_live,128,0.2,10000.0,2.9453125,2.585417235844546,0.8012485168805954,0.6666666666666666
EColi,1,random_live,128,0.2,inf,2.9453125,2.585417235844546,0.7924306978750943,0.647887323943662
EColi,2,spectral,4,0.0,1000.0,1.75,1.0,0.6346299810246679,0.39705882352941174
EColi,2,spectral,4,0.0,10000.0,1.75,1.0,0.6346299810246679,0.39705882352941174
EColi,2,spectral,4,0.0,inf,1.75,1.0,0.6346299810246679,0.39705882352941174
EColi,2,spectral,4,0.01,1000.0,1.75,1.0238775344007265,0.6346299810246679,0.39705882352941174
EColi,2,spectral,4,0.01,10000.0,1.75,1.0238775344007265,0.6346299810246679,0.39705882352941174
EColi,2,spectral,4,0.01,inf,1.75,1.0238775344007265,0.6346299810246679,0.39705882352941174
EColi,2,spectral,4,0.05,1000.0,1.75,1.1314686588921283,0.6346299810246679,0.39705882352941174
EColi,2,spectral,4,0.05,10000.0,1.75,1.1314686588921283,0.6346299810246679,0.39705882352941174
EColi,2,spectral,4,0.05,inf,1.75,1.1314686588921283,0.6346299810246679,0.39705882352941174
EColi,2,spectral,4,0.1,1000.0,1.75,1.2997269003186163,0.6346299810246679,0.39705882352941174
EColi,2,spectral,4,0.1,10000.0,1.75,1.2997269003186163,0.6346299810246679,0.39705882352941174
EColi,2,spectral,4,0.1,inf,1.75,1.2997269003186163,0.6346299810246679,0.39705882352941174
EColi,2,spectral,4,0.2,1000.0,1.75,1.8136739293764084,0.6346299810246679,0.39705882352941174
EColi,2,spectral,4,0.2,10000.0,1.75,1.8136739293764084,0.6346299810246679,0.39705882352941174
EColi,2,spectral,4,0.2,inf,1.75,1.8136739293764084,0.6346299810246679,0.39705882352941174
EColi,2,spectral,8,0.0,1000.0,2.5,1.0,0.744876660341556,0.6323529411764706
EColi,2,spectral,8,0.0,10000.0,2.5,1.0,0.744876660341556,0.6323529411764706
EColi,2,spectral,8,0.0,inf,2.5,1.0,0.744876660341556,0.6323529411764706
EColi,2,spectral,8,0.01,1000.0,2.5,1.0342662413341221,0.744876660341556,0.6323529411764706
EColi,2,spectral,8,0.01,10000.0,2.5,1.0342662413341221,0.744876660341556,0.6323529411764706
EColi,2,spectral,8,0.01,inf,2.5,1.0342662413341221,0.744876660341556,0.6323529411764706
EColi,2,spectral,8,0.05,1000.0,2.5,1.1924263327780091,0.744876660341556,0.6323529411764706
EColi,2,spectral,8,0.05,10000.0,2.5,1.1924263327780091,0.744876660341556,0.6323529411764706
EColi,2,spectral,8,0.05,inf,2.5,1.1924263327780091,0.744876660341556,0.6323529411764706
EColi,2,spectral,8,0.1,1000.0,2.5,1.4514372746052309,0.744876660341556,0.6323529411764706
EColi,2,spectral,8,0.1,10000.0,2.5,1.4514372746052309,0.744876660341556,0.6323529411764706
EColi,2,spectral,8,0.1,inf,2.5,1.4514372746052309,0.744876660341556,0.6323529411764706
EColi,2,spectral,8,0.2,1000.0,2.5,2.3206748172939005,0.744876660341556,0.6323529411764706
EColi,2,spectral,8,0.2,10000.0,2.5,2.3206748172939005,0.744876660341556,0.6323529411764706
EColi,2,spectral,8,0.2,inf,2.5,2.3206748172939005,0.744876660341556,0.6323529411764706
EColi,2,spectral,16,0.0,1000.0,2.5625,1.0,0.8074003795066413,0.7051282051282052
EColi,2,spectral,16,0.0,10000.0,2.5625,1.0,0.8015180265654649,0.6967741935483871
EColi,2,spectral,16,0.0,inf,2.5625,1.0,0.8015180265654649,0.6967741935483871
EColi,2,spectral,16,0.01,1000.0,2.5625,1.0351108359287169,0.8015180265654649,0.6967741935483871
EColi,2,spectral,16,0.01,10000.0,2.5625,1.0351108359287169,0.8015180265654649,0.6967741935483871
EColi,2,spectral,16,0.01,inf,2.5625,1.0351108359287169,0.8015180265654649,0.6967741935483871
EColi,2,spectral,16,0.05,1000.0,2.5625,1.196890618492295,0.8015180265654649,0.6967741935483871
EColi,2,spectral,16,0.05,10000.0,2.5625,1.196890618492295,0.8015180265654649,0.6967741935483871
EColi,2,spectral,16,0.05,inf,2.5625,1.196890618492295,0.8015180265654649,0.6967741935483871
EColi,2,spectral,16,0.1,1000.0,2.5625,1.4610526592206154,0.8074003795066413,0.7051282051282052
EColi,2,spectral,16,0.1,10000.0,2.5625,1.4610526592206154,0.8015180265654649,0.6967741935483871
EColi,2,spectral,16,0.1,inf,2.5625,1.4610526592206154,0.8015180265654649,0.6967741935483871
EColi,2,spectral,16,0.2,1000.0,2.5625,2.343402090021173,0.7171489563567363,0.5594405594405595
EColi,2,spectral,16,0.2,10000.0,2.5625,2.343402090021173,0.8015180265654649,0.6967741935483871
EColi,2,spectral,16,0.2,inf,2.5625,2.343402090021173,0.8015180265654649,0.6967741935483871
EColi,2,spectral,32,0.0,1000.0,2.59375,1.0,0.7909274193548387,0.7034482758620689
EColi,2,spectral,32,0.0,10000.0,2.59375,1.0,0.7909274193548387,0.7034482758620689
EColi,2,spectral,32,0.0,inf,2.59375,1.0,0.7909274193548387,0.7034482758620689
EColi,2,spectral,32,0.01,1000.0,2.59375,1.0355214092299168,0.7909274193548387,0.7034482758620689
EColi,2,spectral,32,0.01,10000.0,2.59375,1.0355214092299168,0.7909274193548387,0.7034482758620689
EColi,2,spectral,32,0.01,inf,2.59375,1.0355214092299168,0.7909274193548387,0.7034482758620689
EColi,2,spectral,32,0.05,1000.0,2.59375,1.1987567029362765,0.7909274193548387,0.7034482758620689
EColi,2,spectral,32,0.05,10000.0,2.59375,1.1987567029362765,0.7909274193548387,0.7034482758620689
EColi,2,spectral,32,0.05,inf,2.59375,1.1987567029362765,0.7909274193548387,0.7034482758620689
EColi,2,spectral,32,0.1,1000.0,2.59375,1.4638908826721753,0.7909274193548387,0.7034482758620689
EColi,2,spectral,32,0.1,10000.0,2.59375,1.4638908826721753,0.7909274193548387,0.7034482758620689
EColi,2,spectral,32,0.1,inf,2.59375,1.4638908826721753,0.7909274193548387,0.7034482758620689
EColi,2,spectral,32,0.2,1000.0,2.59375,2.339397923639095,0.7909274193548387,0.7034482758620689
EColi,2,spectral,32,0.2,10000.0,2.59375,2.339397923639095,0.7909274193548387,0.7034482758620689
EColi,2,spectral,32,0.2,inf,2.59375,2.339397923639095,0.7909274193548387,0.7034482758620689
EColi,2,spectral,64,0.0,1000.0,2.84375,1.0,0.7722722960151802,0.6713286713286714
EColi,2,spectral,64,0.0,10000.0,2.84375,1.0,0.7801707779886148,0.6901408450704225
EColi,2,spectral,64,0.0,inf,2.84375,1.0,0.7722722960151802,0.6713286713286714
EColi,2,spectral,64,0.01,1000.0,2.84375,1.0389977298716933,0.7722722960151802,0.6713286713286714
EColi,2,spectral,64,0.01,10000.0,2.84375,1.0389977298716933,0.7722722960151802,0.6713286713286714
EColi,2,spectral,64,0.01,inf,2.84375,1.0389977298716933,0.7722722960151802,0.6713286713286714
EColi,2,spectral,64,0.05,1000.0,2.84375,1.219463000442524,0.7722722960151802,0.6713286713286714
EColi,2,spectral,64,0.05,10000.0,2.84375,1.219463000442524,0.7771465844402277,0.6758620689655173
EColi,2,spectral,64,0.05,inf,2.84375,1.219463000442524,0.7722722960151802,0.6713286713286714
EColi,2,spectral,64,0.1,1000.0,2.84375,1.5163356500122545,0.7722722960151802,0.6713286713286714
EColi,2,spectral,64,0.1,10000.0,2.84375,1.5163356500122545,0.7722722960151802,0.6713286713286714
EColi,2,spectral,64,0.1,inf,2.84375,1.5163356500122545,0.7722722960151802,0.6713286713286714
EColi,2,spectral,64,0.2,1000.0,2.84375,2.5199525305648516,0.7722722960151802,0.6713286713286714
EColi,2,spectral,64,0.2,10000.0,2.84375,2.5199525305648516,0.7722722960151802,0.6713286713286714
EColi,2,spectral,64,0.2,inf,2.84375,2.5199525305648516,0.7722722960151802,0.6713286713286714
EColi,2,spectral,128,0.0,1000.0,2.921875,1.0,0.7889112903225806,0.6938775510204082
EColi,2,spectral,128,0.0,10000.0,2.921875,1.0,0.7889112903225806,0.6938775510204082
EColi,2,spectral,128,0.0,inf,2.921875,1.0,0.7879032258064516,0.6891891891891891
EColi,2,spectral,128,0.01,1000.0,2.921875,1.0400764935720734,0.7879032258064516,0.6891891891891891
EColi,2,spectral,128,0.01,10000.0,2.921875,1.0400764935720734,0.7868951612903226,0.6845637583892618
EColi,2,spectral,128,0.01,inf,2.921875,1.0400764935720734,0.7879032258064516,0.6891891891891891
EColi,2,spectral,128,0.05,1000.0,2.921875,1.2257101939946895,0.7879032258064516,0.6891891891891891
EColi,2,spectral,128,0.05,10000.0,2.921875,1.2257101939946895,0.7889112903225806,0.6938775510204082
EColi,2,spectral,128,0.05,inf,2.921875,1.2257101939946895,0.7889112903225806,0.6938775510204082
EColi,2,spectral,128,0.1,1000.0,2.921875,1.5316110692902907,0.7889112903225806,0.6938775510204082
EColi,2,spectral,128,0.1,10000.0,2.921875,1.5316110692902907,0.7771465844402277,0.6758620689655173
EColi,2,spectral,128,0.1,inf,2.921875,1.5316110692902907,0.7889112903225806,0.6938775510204082
EColi,2,spectral,128,0.2,1000.0,2.921875,2.569056929171505,0.7889112903225806,0.6938775510204082
EColi,2,spectral,128,0.2,10000.0,2.921875,2.569056929171505,0.7830289373814041,0.684931506849315
EColi,2,spectral,128,0.2,inf,2.921875,2.569056929171505,0.7889112903225806,0.6938775510204082
EColi,2,random_live,4,0.0,1000.0,2.75,1.0,0.6447106261859583,0.42857142857142855
EColi,2,random_live,4,0.0,10000.0,2.75,1.0,0.6447106261859583,0.42857142857142855
EColi,2,random_live,4,0.0,inf,2.75,1.0,0.6447106261859583,0.42857142857142855
EColi,2,random_live,4,0.01,1000.0,2.75,1.0376674465934357,0.6546252371916509,0.45528455284552843
EColi,2,random_live,4,0.01,10000.0,2.75,1.0376674465934357,0.6447106261859583,0.42857142857142855
EColi,2,random_live,4,0.01,inf,2.75,1.0376674465934357,0.6447106261859583,0.42857142857142855
EColi,2,random_live,4,0.05,1000.0,2.75,1.2109212307371928,0.6447106261859583,0.42857142857142855
EColi,2,random_live,4,0.05,10000.0,2.75,1.2109212307371928,0.6280716318785579,0.39344262295081966
EColi,2,random_live,4,0.05,inf,2.75,1.2109212307371928,0.6447106261859583,0.42857142857142855
EColi,2,random_live,4,0.1,1000.0,2.75,1.4928573929484261,0.6447106261859583,0.42857142857142855
EColi,2,random_live,4,0.1,10000.0,2.75,1.4928573929484261,0.6447106261859583,0.42857142857142855
EColi,2,random_live,4,0.1,inf,2.75,1.4928573929484261,0.6447106261859583,0.42857142857142855
EColi,2,random_live,4,0.2,1000.0,2.75,2.428112833822826,0.6447106261859583,0.42857142857142855
EColi,2,random_live,4,0.2,10000.0,2.75,2.428112833822826,0.6447106261859583,0.42857142857142855
EColi,2,random_live,4,0.2,inf,2.75,2.428112833822826,0.6447106261859583,0.42857142857142855
EColi,2,random_live,8,0.0,1000.0,2.875,1.0,0.7095825426944972,0.5692307692307692
EColi,2,random_live,8,0.0,10000.0,2.875,1.0,0.7095825426944972,0.5692307692307692
EColi,2,random_live,8,0.0,inf,2.875,1.0,0.7095825426944972,0.5692307692307692
EColi,2,random_live,8,0.01,1000.0,2.875,1.0394025980158588,0.7095825426944972,0.5692307692307692
EColi,2,random_live,8,0.01,10000.0,2.875,1.0394025980158588,0.7095825426944972,0.5692307692307692
EColi,2,random_live,8,0.01,inf,2.875,1.0394025980158588,0.7095825426944972,0.5692307692307692
EColi,2,random_live,8,0.05,1000.0,2.875,1.221170866305706,0.7095825426944972,0.5692307692307692
EColi,2,random_live,8,0.05,10000.0,2.875,1.221170866305706,0.7095825426944972,0.5692307692307692
EColi,2,random_live,8,0.05,inf,2.875,1.221170866305706,0.7095825426944972,0.5692307692307692
EColi,2,random_live,8,0.1,1000.0,2.875,1.5184604880781485,0.7095825426944972,0.5692307692307692
EColi,2,random_live,8,0.1,10000.0,2.875,1.5184604880781485,0.7095825426944972,0.5692307692307692
EColi,2,random_live,8,0.1,inf,2.875,1.5184604880781485,0.7095825426944972,0.5692307692307692
EColi,2,random_live,8,0.2,1000.0,2.875,2.5126357489242537,0.7095825426944972,0.5692307692307692
EColi,2,random_live,8,0.2,10000.0,2.875,2.5126357489242537,0.7095825426944972,0.5692307692307692
EColi,2,random_live,8,0.2,inf,2.875,2.5126357489242537,0.7095825426944972,0.5692307692307692
EColi,2,random_live,16,0.0,1000.0,3.0,1.0,0.8018500948766604,0.7375886524822695
EColi,2,random_live,16,0.0,10000.0,3.0,1.0,0.8115986717267551,0.7448275862068966
EColi,2,random_live,16,0.0,inf,3.0,1.0,0.8115986717267551,0.7448275862068966
EColi,2,random_live,16,0.01,1000.0,3.0,1.0411494734343794,0.8174810246679317,0.7534246575342466
EColi,2,random_live,16,0.01,10000.0,3.0,1.0411494734343794,0.8115986717267551,0.7448275862068966
EColi,2,random_live,16,0.01,inf,3.0,1.0411494734343794,0.8115986717267551,0.7448275862068966
EColi,2,random_live,16,0.05,1000.0,3.0,1.23178656028738,0.8174810246679317,0.7534246575342466
EColi,2,random_live,16,0.05,10000.0,3.0,1.23178656028738,0.8115986717267551,0.7448275862068966
EColi,2,random_live,16,0.05,inf,3.0,1.23178656028738,0.8115986717267551,0.7448275862068966
EColi,2,random_live,16,0.1,1000.0,3.0,1.5460330520640033,0.8115986717267551,0.7448275862068966
EColi,2,random_live,16,0.1,10000.0,3.0,1.5460330520640033,0.8115986717267551,0.7448275862068966
EColi,2,random_live,16,0.1,inf,3.0,1.5460330520640033,0.8115986717267551,0.7448275862068966
EColi,2,random_live,16,0.2,1000.0,3.0,2.612526466771395,0.8016840607210627,0.7162162162162162
EColi,2,random_live,16,0.2,10000.0,3.0,2.612526466771395,0.8115986717267551,0.7448275862068966
EColi,2,random_live,16,0.2,inf,3.0,2.612526466771395,0.8115986717267551,0.7448275862068966
EColi,2,random_live,32,0.0,1000.0,3.125,1.0,0.8242054079696395,0.7450980392156863
EColi,2,random_live,32,0.0,10000.0,3.125,1.0,0.8242054079696395,0.7450980392156863
EColi,2,random_live,32,0.0,inf,3.125,1.0,0.8242054079696395,0.7450980392156863
EColi,2,random_live,32,0.01,1000.0,3.125,1.0428846248568027,0.8242054079696395,0.7450980392156863
EColi,2,random_live,32,0.01,10000.0,3.125,1.0428846248568027,0.8242054079696395,0.7450980392156863
EColi,2,random_live,32,0.01,inf,3.125,1.0428846248568027,0.8242054079696395,0.7450980392156863
EColi,2,random_live,32,0.05,1000.0,3.125,1.2420361958558934,0.8242054079696395,0.7450980392156863
EColi,2,random_live,32,0.05,10000.0,3.125,1.2420361958558934,0.8242054079696395,0.7450980392156863
EColi,2,random_live,32,0.05,inf,3.125,1.2420361958558934,0.8242054079696395,0.7450980392156863
EColi,2,random_live,32,0.1,1000.0,3.125,1.5716361471937257,0.8242054079696395,0.7450980392156863
EColi,2,random_live,32,0.1,10000.0,3.125,1.5716361471937257,0.8242054079696395,0.7450980392156863
EColi,2,random_live,32,0.1,inf,3.125,1.5716361471937257,0.8242054079696395,0.7450980392156863
EColi,2,random_live,32,0.2,1000.0,3.125,2.6970493818728225,0.8242054079696395,0.7450980392156863
EColi,2,random_live,32,0.2,10000.0,3.125,2.6970493818728225,0.8242054079696395,0.7450980392156863
EColi,2,random_live,32,0.2,inf,3.125,2.6970493818728225,0.8242054079696395,0.7450980392156863
EColi,2,random_live,64,0.0,1000.0,2.96875,1.0,0.7899193548387097,0.6986301369863014
EColi,2,random_live,64,0.0,10000.0,2.96875,1.0,0.7840370018975332,0.6896551724137931
EColi,2,random_live,64,0.0,inf,2.96875,1.0,0.7899193548387097,0.6986301369863014
EColi,2,random_live,64,0.01,1000.0,2.96875,1.0407417524511635,0.7899193548387097,0.6986301369863014
EColi,2,random_live,64,0.01,10000.0,2.96875,1.0407417524511635,0.7958017077798862,0.7074829931972789
EColi,2,random_live,64,0.01,inf,2.96875,1.0407417524511635,0.7899193548387097,0.6986301369863014
EColi,2,random_live,64,0.05,1000.0,2.96875,1.2299993817680133,0.7899193548387097,0.6986301369863014
EColi,2,random_live,64,0.05,10000.0,2.96875,1.2299993817680133,0.7899193548387097,0.6986301369863014
EColi,2,random_live,64,0.05,inf,2.96875,1.2299993817680133,0.7899193548387097,0.6986301369863014
EColi,2,random_live,64,0.1,1000.0,2.96875,1.5435471447078182,0.7899193548387097,0.6986301369863014
EColi,2,random_live,64,0.1,10000.0,2.96875,1.5435471447078182,0.7899193548387097,0.6986301369863014
EColi,2,random_live,64,0.1,inf,2.96875,1.5435471447078182,0.7899193548387097,0.6986301369863014
EColi,2,random_live,64,0.2,1000.0,2.96875,2.6180503380916598,0.7899193548387097,0.6986301369863014
EColi,2,random_live,64,0.2,10000.0,2.96875,2.6180503380916598,0.7937855787476281,0.697986577181208
EColi,2,random_live,64,0.2,inf,2.96875,2.6180503380916598,0.7899193548387097,0.6986301369863014
EColi,2,random_live,128,0.0,1000.0,2.9609375,1.0,0.7937855787476281,0.697986577181208
EColi,2,random_live,128,0.0,10000.0,2.9609375,1.0,0.7879032258064516,0.6891891891891891
EColi,2,random_live,128,0.0,inf,2.9609375,1.0,0.7937855787476281,0.697986577181208
EColi,2,random_live,128,0.01,1000.0,2.9609375,1.0406173019720555,0.7937855787476281,0.697986577181208
EColi,2,random_live,128,0.01,10000.0,2.9609375,1.0406173019720555,0.7810128083491461,0.6756756756756757
EColi,2,random_live,128,0.01,inf,2.9609375,1.0406173019720555,0.7879032258064516,0.6891891891891891
EColi,2,random_live,128,0.05,1000.0,2.9609375,1.2288735487817575,0.7937855787476281,0.697986577181208
EColi,2,random_live,128,0.05,10000.0,2.9609375,1.2288735487817575,0.7937855787476281,0.697986577181208
EColi,2,random_live,128,0.05,inf,2.9609375,1.2288735487817575,0.7879032258064516,0.6891891891891891
EColi,2,random_live,128,0.1,1000.0,2.9609375,1.5394315018731832,0.7937855787476281,0.697986577181208
EColi,2,random_live,128,0.1,10000.0,2.9609375,1.5394315018731832,0.7868951612903226,0.6845637583892618
EColi,2,random_live,128,0.1,inf,2.9609375,1.5394315018731832,0.7937855787476281,0.697986577181208
EColi,2,random_live,128,0.2,1000.0,2.9609375,2.5945738849805338,0.7937855787476281,0.697986577181208
EColi,2,random_live,128,0.2,10000.0,2.9609375,2.5945738849805338,0.7947936432637571,0.7027027027027027
EColi,2,random_live,128,0.2,inf,2.9609375,2.5945738849805338,0.7937855787476281,0.697986577181208
20News,0,spectral,4,0.0,1000.0,3.0,1.0,0.6575867861142217,0.7096774193548387
20News,0,spectral,4,0.0,10000.0,3.0,1.0,0.6575867861142217,0.7096774193548387
20News,0,spectral,4,0.0,inf,3.0,1.0,0.6575867861142217,0.7096774193548387
20News,0,spectral,4,0.01,1000.0,3.0,1.0411846454226716,0.6575867861142217,0.7096774193548387
20News,0,spectral,4,0.01,10000.0,3.0,1.0411846454226716,0.6575867861142217,0.7096774193548387
20News,0,spectral,4,0.01,inf,3.0,1.0411846454226716,0.6575867861142217,0.7096774193548387
20News,0,spectral,4,0.05,1000.0,3.0,1.2328847355268637,0.6575867861142217,0.7096774193548387
20News,0,spectral,4,0.05,10000.0,3.0,1.2328847355268637,0.6575867861142217,0.7096774193548387
20News,0,spectral,4,0.05,inf,3.0,1.2328847355268637,0.6575867861142217,0.7096774193548387
20News,0,spectral,4,0.1,1000.0,3.0,1.5519414586324007,0.6575867861142217,0.7096774193548387
20News,0,spectral,4,0.1,10000.0,3.0,1.5519414586324007,0.6575867861142217,0.7096774193548387
20News,0,spectral,4,0.1,inf,3.0,1.5519414586324007,0.6575867861142217,0.7096774193548387
20News,0,spectral,4,0.2,1000.0,3.0,2.658629875008537,0.6575867861142217,0.7096774193548387
20News,0,spectral,4,0.2,10000.0,3.0,2.658629875008537,0.6575867861142217,0.7096774193548387
20News,0,spectral,4,0.2,inf,3.0,2.658629875008537,0.6575867861142217,0.7096774193548387
20News,0,spectral,8,0.0,1000.0,2.875,1.0,0.7135988241881299,0.768025078369906
20News,0,spectral,8,0.0,10000.0,2.875,1.0,0.7135988241881299,0.768025078369906
20News,0,spectral,8,0.0,inf,2.875,1.0,0.7135988241881299,0.768025078369906
20News,0,spectral,8,0.01,1000.0,2.875,1.0394491813603526,0.7135988241881299,0.768025078369906
20News,0,spectral,8,0.01,10000.0,2.875,1.0394491813603526,0.7135988241881299,0.768025078369906
20News,0,spectral,8,0.01,inf,2.875,1.0394491813603526,0.7135988241881299,0.768025078369906
20News,0,spectral,8,0.05,1000.0,2.875,1.222586292169929,0.7135988241881299,0.768025078369906
20News,0,spectral,8,0.05,10000.0,2.875,1.222586292169929,0.7135988241881299,0.768025078369906
20News,0,spectral,8,0.05,inf,2.875,1.222586292169929,0.7135988241881299,0.768025078369906
20News,0,spectral,8,0.1,1000.0,2.875,1.5258131718077097,0.7135988241881299,0.768025078369906
20News,0,spectral,8,0.1,10000.0,2.875,1.5258131718077097,0.7135988241881299,0.768025078369906
20News,0,spectral,8,0.1,inf,2.875,1.5258131718077097,0.7135988241881299,0.768025078369906
20News,0,spectral,8,0.2,1000.0,2.875,2.5659107984427285,0.7135988241881299,0.768025078369906
20News,0,spectral,8,0.2,10000.0,2.875,2.5659107984427285,0.7135988241881299,0.768025078369906
20News,0,spectral,8,0.2,inf,2.875,2.5659107984427285,0.7135988241881299,0.768025078369906
20News,0,spectral,16,0.0,1000.0,3.0,1.0,0.7605123180291153,0.8075117370892019
20News,0,spectral,16,0.0,10000.0,3.0,1.0,0.7605123180291153,0.8075117370892019
20News,0,spectral,16,0.0,inf,3.0,1.0,0.7605123180291153,0.8075117370892019
20News,0,spectral,16,0.01,1000.0,3.0,1.04121934845112,0.7695058790593505,0.8120063191153238
20News,0,spectral,16,0.01,10000.0,3.0,1.04121934845112,0.7605123180291153,0.8075117370892019
20News,0,spectral,16,0.01,inf,3.0,1.04121934845112,0.7605123180291153,0.8075117370892019
20News,0,spectral,16,0.05,1000.0,3.0,1.233909699083715,0.756739921612542,0.8043818466353677
20News,0,spectral,16,0.05,10000.0,3.0,1.233909699083715,0.7605123180291153,0.8075117370892019
20News,0,spectral,16,0.05,inf,3.0,1.233909699083715,0.7605123180291153,0.8075117370892019
20News,0,spectral,16,0.1,1000.0,3.0,1.557062077658345,0.7824678051511758,0.8233438485804416
20News,0,spectral,16,0.1,10000.0,3.0,1.557062077658345,0.7605123180291153,0.8075117370892019
20News,0,spectral,16,0.1,inf,3.0,1.557062077658345,0.7605123180291153,0.8075117370892019
20News,0,spectral,16,0.2,1000.0,3.0,2.692439041049108,0.7503569428891377,0.8006230529595015
20News,0,spectral,16,0.2,10000.0,3.0,2.692439041049108,0.7605123180291153,0.8075117370892019
20News,0,spectral,16,0.2,inf,3.0,2.692439041049108,0.7605123180291153,0.8075117370892019
20News,0,spectral,32,0.0,1000.0,2.90625,1.0,0.7627309630459127,0.8006430868167203
20News,0,spectral,32,0.0,10000.0,2.90625,1.0,0.7627309630459127,0.8006430868167203
20News,0,spectral,32,0.0,inf,2.90625,1.0,0.7627309630459127,0.8006430868167203
20News,0,spectral,32,0.01,1000.0,2.90625,1.0398946932120559,0.7627309630459127,0.8006430868167203
20News,0,spectral,32,0.01,10000.0,2.90625,1.0398946932120559,0.7568309070548712,0.7961476725521669
20News,0,spectral,32,0.01,inf,2.90625,1.0398946932120559,0.7627309630459127,0.8006430868167203
20News,0,spectral,32,0.05,1000.0,2.90625,1.2255147594752187,0.7627309630459127,0.8006430868167203
20News,0,spectral,32,0.05,10000.0,2.90625,1.2255147594752187,0.7627309630459127,0.8006430868167203
20News,0,spectral,32,0.05,inf,2.90625,1.2255147594752187,0.7627309630459127,0.8006430868167203
20News,0,spectral,32,0.1,1000.0,2.90625,1.534183414446273,0.7627309630459127,0.8006430868167203
20News,0,spectral,32,0.1,10000.0,2.90625,1.534183414446273,0.7627309630459127,0.8006430868167203
20News,0,spectral,32,0.1,inf,2.90625,1.534183414446273,0.7627309630459127,0.8006430868167203
20News,0,spectral,32,0.2,1000.0,2.90625,2.6024093299638,0.7627309630459127,0.8006430868167203
20News,0,spectral,32,0.2,10000.0,2.90625,2.6024093299638,0.7627309630459127,0.8006430868167203
20News,0,spectral,32,0.2,inf,2.90625,2.6024093299638,0.7627309630459127,0.8006430868167203
20News,0,spectral,64,0.0,1000.0,2.9375,1.0,0.7835246360582306,0.8143322475570033
20News,0,spectral,64,0.0,10000.0,2.9375,1.0,0.7776245800671893,0.8097560975609757
20News,0,spectral,64,0.0,inf,2.9375,1.0,0.7835246360582306,0.8143322475570033
20News,0,spectral,64,0.01,1000.0,2.9375,1.0403167185126436,0.7835246360582306,0.8143322475570033
20News,0,spectral,64,0.01,10000.0,2.9375,1.0403167185126436,0.7792693169092945,0.8116883116883117
20News,0,spectral,64,0.01,inf,2.9375,1.0403167185126436,0.7835246360582306,0.8143322475570033
20News,0,spectral,64,0.05,1000.0,2.9375,1.2277054157122032,0.7835246360582306,0.8143322475570033
20News,0,spectral,64,0.05,10000.0,2.9375,1.2277054157122032,0.7474454087346025,0.7837398373983739
20News,0,spectral,64,0.05,inf,2.9375,1.2277054157122032,0.7835246360582306,0.8143322475570033
20News,0,spectral,64,0.1,1000.0,2.9375,1.538557823605616,0.7835246360582306,0.8143322475570033
20News,0,spectral,64,0.1,10000.0,2.9375,1.538557823605616,0.7846864501679731,0.8168557536466775
20News,0,spectral,64,0.1,inf,2.9375,1.538557823605616,0.7835246360582306,0.8143322475570033
20News,0,spectral,64,0.2,1000.0,2.9375,2.607420941192541,0.7835246360582306,0.8143322475570033
20News,0,spectral,64,0.2,10000.0,2.9375,2.607420941192541,0.7844904815229563,0.8131147540983606
20News,0,spectral,64,0.2,inf,2.9375,2.607420941192541,0.7835246360582306,0.8143322475570033
20News,0,spectral,128,0.0,1000.0,2.9296875,1.0,0.7882628779395296,0.8163934426229508
20News,0,spectral,128,0.0,10000.0,2.9296875,1.0,0.7748180291153415,0.8052373158756138
20News,0,spectral,128,0.0,inf,2.9296875,1.0,0.7882628779395296,0.8163934426229508
20News,0,spectral,128,0.01,1000.0,2.9296875,1.0401878715349993,0.7882628779395296,0.8163934426229508
20News,0,spectral,128,0.01,10000.0,2.9296875,1.0401878715349993,0.7875839865621501,0.8132231404958677
20News,0,spectral,128,0.01,inf,2.9296875,1.0401878715349993,0.7882628779395296,0.8163934426229508
20News,0,spectral,128,0.05,1000.0,2.9296875,1.2264423108210118,0.7882628779395296,0.8163934426229508
20News,0,spectral,128,0.05,10000.0,2.9296875,1.2264423108210118,0.7757838745800671,0.8039538714991763
20News,0,spectral,128,0.05,inf,2.9296875,1.2264423108210118,0.7882628779395296,0.8163934426229508
20News,0,spectral,128,0.1,1000.0,2.9296875,1.5337036299499314,0.7882628779395296,0.8163934426229508
20News,0,spectral,128,0.1,10000.0,2.9296875,1.5337036299499314,0.7877799552071668,0.8169934640522876
20News,0,spectral,128,0.1,inf,2.9296875,1.5337036299499314,0.7882628779395296,0.8163934426229508
20News,0,spectral,128,0.2,1000.0,2.9296875,2.5781815620517725,0.7882628779395296,0.8163934426229508
20News,0,spectral,128,0.2,10000.0,2.9296875,2.5781815620517725,0.7705627099664054,0.802610114192496
20News,0,spectral,128,0.2,inf,2.9296875,2.5781815620517725,0.7882628779395296,0.8163934426229508
20News,0,random_live,4,0.0,1000.0,2.75,1.0,0.5607712765957447,0.6470588235294118
20News,0,random_live,4,0.0,10000.0,2.75,1.0,0.5607712765957447,0.6470588235294118
20News,0,random_live,4,0.0,inf,2.75,1.0,0.5607712765957447,0.6470588235294118
20News,0,random_live,4,0.01,1000.0,2.75,1.0376674465934355,0.5607712765957447,0.6470588235294118
20News,0,random_live,4,0.01,10000.0,2.75,1.0376674465934355,0.5607712765957447,0.6470588235294118
20News,0,random_live,4,0.01,inf,2.75,1.0376674465934355,0.5607712765957447,0.6470588235294118
20News,0,random_live,4,0.05,1000.0,2.75,1.2109212307371928,0.5607712765957447,0.6470588235294118
20News,0,random_live,4,0.05,10000.0,2.75,1.2109212307371928,0.5607712765957447,0.6470588235294118
20News,0,random_live,4,0.05,inf,2.75,1.2109212307371928,0.5607712765957447,0.6470588235294118
20News,0,random_live,4,0.1,1000.0,2.75,1.4928573929484261,0.5607712765957447,0.6470588235294118
20News,0,random_live,4,0.1,10000.0,2.75,1.4928573929484261,0.5607712765957447,0.6470588235294118
20News,0,random_live,4,0.1,inf,2.75,1.4928573929484261,0.5607712765957447,0.6470588235294118
20News,0,random_live,4,0.2,1000.0,2.75,2.428112833822826,0.5607712765957447,0.6470588235294118
20News,0,random_live,4,0.2,10000.0,2.75,2.428112833822826,0.5607712765957447,0.6470588235294118
20News,0,random_live,4,0.2,inf,2.75,2.428112833822826,0.5607712765957447,0.6470588235294118
20News,0,random_live,8,0.0,1000.0,2.75,1.0,0.5775965845464726,0.6497622820919176
20News,0,random_live,8,0.0,10000.0,2.75,1.0,0.5775965845464726,0.6497622820919176
20News,0,random_live,8,0.0,inf,2.75,1.0,0.5775965845464726,0.6497622820919176
20News,0,random_live,8,0.01,1000.0,2.75,1.0376674465934355,0.5775965845464726,0.6497622820919176
20News,0,random_live,8,0.01,10000.0,2.75,1.0376674465934355,0.5775965845464726,0.6497622820919176
20News,0,random_live,8,0.01,inf,2.75,1.0376674465934355,0.5775965845464726,0.6497622820919176
20News,0,random_live,8,0.05,1000.0,2.75,1.2109212307371928,0.5775965845464726,0.6497622820919176
20News,0,random_live,8,0.05,10000.0,2.75,1.2109212307371928,0.5775965845464726,0.6497622820919176
20News,0,random_live,8,0.05,inf,2.75,1.2109212307371928,0.5775965845464726,0.6497622820919176
20News,0,random_live,8,0.1,1000.0,2.75,1.4928573929484261,0.5775965845464726,0.6497622820919176
20News,0,random_live,8,0.1,10000.0,2.75,1.4928573929484261,0.5775965845464726,0.6497622820919176
20News,0,random_live,8,0.1,inf,2.75,1.4928573929484261,0.5775965845464726,0.6497622820919176
20News,0,random_live,8,0.2,1000.0,2.75,2.428112833822826,0.5775965845464726,0.6497622820919176
20News,0,random_live,8,0.2,10000.0,2.75,2.428112833822826,0.5775965845464726,0.6497622820919176
20News,0,random_live,8,0.2,inf,2.75,2.428112833822826,0.5775965845464726,0.6497622820919176
20News,0,random_live,16,0.0,1000.0,2.5625,1.0,0.6692959126539753,0.7287066246056783
20News,0,random_live,16,0.0,10000.0,2.5625,1.0,0.6572998320268757,0.7154213036565977
20News,0,random_live,16,0.0,inf,2.5625,1.0,0.6572998320268757,0.7154213036565977
20News,0,random_live,16,0.01,1000.0,2.5625,1.0350528391437552,0.6572998320268757,0.7154213036565977
20News,0,random_live,16,0.01,10000.0,2.5625,1.0350528391437552,0.6572998320268757,0.7154213036565977
20News,0,random_live,16,0.01,inf,2.5625,1.0350528391437552,0.6572998320268757,0.7154213036565977
20News,0,random_live,16,0.05,1000.0,2.5625,1.1951563150770512,0.6237402015677491,0.6967340590979783
20News,0,random_live,16,0.05,10000.0,2.5625,1.1951563150770512,0.6572998320268757,0.7154213036565977
20News,0,random_live,16,0.05,inf,2.5625,1.1951563150770512,0.6572998320268757,0.7154213036565977
20News,0,random_live,16,0.1,1000.0,2.5625,1.4522206855502258,0.670548712206047,0.7214170692431562
20News,0,random_live,16,0.1,10000.0,2.5625,1.4522206855502258,0.6572998320268757,0.7154213036565977
20News,0,random_live,16,0.1,inf,2.5625,1.4522206855502258,0.6572998320268757,0.7154213036565977
20News,0,random_live,16,0.2,1000.0,2.5625,2.28186257769278,0.6674552071668534,0.7220447284345048
20News,0,random_live,16,0.2,10000.0,2.5625,2.28186257769278,0.6572998320268757,0.7154213036565977
20News,0,random_live,16,0.2,inf,2.5625,2.28186257769278,0.6572998320268757,0.7154213036565977
20News,0,random_live,32,0.0,1000.0,2.6875,1.0,0.6838885778275476,0.7169179229480737
20News,0,random_live,32,0.0,10000.0,2.6875,1.0,0.7005319148936171,0.742671009771987
20News,0,random_live,32,0.0,inf,2.6875,1.0,0.6838885778275476,0.7169179229480737
20News,0,random_live,32,0.01,1000.0,2.6875,1.0368055765603248,0.6838885778275476,0.7169179229480737
20News,0,random_live,32,0.01,10000.0,2.6875,1.0368055765603248,0.6838885778275476,0.7169179229480737
20News,0,random_live,32,0.01,inf,2.6875,1.0368055765603248,0.6838885778275476,0.7169179229480737
20News,0,random_live,32,0.05,1000.0,2.6875,1.205955038265306,0.6838885778275476,0.7169179229480737
20News,0,random_live,32,0.05,10000.0,2.6875,1.205955038265306,0.6838885778275476,0.7169179229480737
20News,0,random_live,32,0.05,inf,2.6875,1.205955038265306,0.6838885778275476,0.7169179229480737
20News,0,random_live,32,0.1,1000.0,2.6875,1.4807779839641468,0.6838885778275476,0.7169179229480737
20News,0,random_live,32,0.1,10000.0,2.6875,1.4807779839641468,0.6838885778275476,0.7169179229480737
20News,0,random_live,32,0.1,inf,2.6875,1.4807779839641468,0.6838885778275476,0.7169179229480737
20News,0,random_live,32,0.2,1000.0,2.6875,2.3894371969127786,0.6838885778275476,0.7169179229480737
20News,0,random_live,32,0.2,10000.0,2.6875,2.3894371969127786,0.6614501679731243,0.7019867549668874
20News,0,random_live,32,0.2,inf,2.6875,2.3894371969127786,0.6838885778275476,0.7169179229480737
20News,0,random_live,64,0.0,1000.0,2.859375,1.0,0.7298362262038074,0.760797342192691
20News,0,random_live,64,0.0,10000.0,2.859375,1.0,0.7329297312430012,0.7604690117252931
20News,0,random_live,64,0.0,inf,2.859375,1.0,0.7298362262038074,0.760797342192691
20News,0,random_live,64,0.01,1000.0,2.859375,1.0392002027632299,0.7298362262038074,0.760797342192691
20News,0,random_live,64,0.01,10000.0,2.859375,1.0392002027632299,0.733412653975364,0.7596638655462185
20News,0,random_live,64,0.01,inf,2.859375,1.0392002027632299,0.7298362262038074,0.760797342192691
20News,0,random_live,64,0.05,1000.0,2.859375,1.2203228309818823,0.7298362262038074,0.760797342192691
20News,0,random_live,64,0.05,10000.0,2.859375,1.2203228309818823,0.7367021276595744,0.7638190954773869
20News,0,random_live,64,0.05,inf,2.859375,1.2203228309818823,0.7298362262038074,0.760797342192691
20News,0,random_live,64,0.1,1000.0,2.859375,1.5174593414096145,0.7298362262038074,0.760797342192691
20News,0,random_live,64,0.1,10000.0,2.859375,1.5174593414096145,0.7298362262038074,0.760797342192691
20News,0,random_live,64,0.1,inf,2.859375,1.5174593414096145,0.7298362262038074,0.760797342192691
20News,0,random_live,64,0.2,1000.0,2.859375,2.517182057236527,0.7298362262038074,0.760797342192691
20News,0,random_live,64,0.2,10000.0,2.859375,2.517182057236527,0.7452127659574468,0.7689713322091062
20News,0,random_live,64,0.2,inf,2.859375,2.517182057236527,0.7298362262038074,0.760797342192691
20News,0,random_live,128,0.0,1000.0,2.953125,1.0,0.7938759798432251,0.8252427184466019
20News,0,random_live,128,0.0,10000.0,2.953125,1.0,0.792035274356103,0.819672131147541
20News,0,random_live,128,0.0,inf,2.953125,1.0,0.7938759798432251,0.8252427184466019
20News,0,random_live,128,0.01,1000.0,2.953125,1.0405132319666972,0.7938759798432251,0.8252427184466019
20News,0,random_live,128,0.01,10000.0,2.953125,1.0405132319666972,0.7821668533034715,0.8079470198675497
20News,0,random_live,128,0.01,inf,2.953125,1.0405132319666972,0.7938759798432251,0.8252427184466019
20News,0,random_live,128,0.05,1000.0,2.953125,1.2283671679768846,0.7938759798432251,0.8252427184466019
20News,0,random_live,128,0.05,10000.0,2.953125,1.2283671679768846,0.7861352183650616,0.8150572831423896
20News,0,random_live,128,0.05,inf,2.953125,1.2283671679768846,0.7938759798432251,0.8252427184466019
20News,0,random_live,128,0.1,1000.0,2.953125,1.5385370347676899,0.7938759798432251,0.8252427184466019
20News,0,random_live,128,0.1,10000.0,2.953125,1.5385370347676899,0.7703667413213886,0.7986798679867987
20News,0,random_live,128,0.1,inf,2.953125,1.5385370347676899,0.7938759798432251,0.8252427184466019
20News,0,random_live,128,0.2,1000.0,2.953125,2.594541868724814,0.7938759798432251,0.8252427184466019
20News,0,random_live,128,0.2,10000.0,2.953125,2.594541868724814,0.7866181410974245,0.8144499178981938
20News,0,random_live,128,0.2,inf,2.953125,2.594541868724814,0.7938759798432251,0.8252427184466019
20News,1,spectral,4,0.0,1000.0,2.5,1.0,0.6303545980383938,0.7
20News,1,spectral,4,0.0,10000.0,2.5,1.0,0.6303545980383938,0.7
20News,1,spectral,4,0.0,inf,2.5,1.0,0.6303545980383938,0.7
20News,1,spectral,4,0.01,1000.0,2.5,1.0342434144531873,0.6139310364098696,0.6904024767801857
20News,1,spectral,4,0.01,10000.0,2.5,1.0342434144531873,0.6303545980383938,0.7
20News,1,spectral,4,0.01,inf,2.5,1.0342434144531873,0.6303545980383938,0.7
20News,1,spectral,4,0.05,1000.0,2.5,1.1917885776759682,0.6303545980383938,0.7
20News,1,spectral,4,0.05,10000.0,2.5,1.1917885776759682,0.6303545980383938,0.7
20News,1,spectral,4,0.05,inf,2.5,1.1917885776759682,0.6303545980383938,0.7
20News,1,spectral,4,0.1,1000.0,2.5,1.448478694723574,0.6303545980383938,0.7
20News,1,spectral,4,0.1,10000.0,2.5,1.448478694723574,0.6303545980383938,0.7
20News,1,spectral,4,0.1,inf,2.5,1.448478694723574,0.6303545980383938,0.7
20News,1,spectral,4,0.2,1000.0,2.5,2.3041458916740654,0.62629586162573,0.6919431279620853
20News,1,spectral,4,0.2,10000.0,2.5,2.3041458916740654,0.6303545980383938,0.7
20News,1,spectral,4,0.2,inf,2.5,2.3041458916740654,0.6303545980383938,0.7
20News,1,spectral,8,0.0,1000.0,2.625,1.0,0.6734288987621203,0.7363494539781591
20News,1,spectral,8,0.0,10000.0,2.625,1.0,0.6734288987621203,0.7363494539781591
20News,1,spectral,8,0.0,inf,2.625,1.0,0.6734288987621203,0.7363494539781591
20News,1,spectral,8,0.01,1000.0,2.625,1.0360020138678054,0.6734288987621203,0.7363494539781591
20News,1,spectral,8,0.01,10000.0,2.625,1.0360020138678054,0.6734288987621203,0.7363494539781591
20News,1,spectral,8,0.01,inf,2.625,1.0360020138678054,0.6734288987621203,0.7363494539781591
20News,1,spectral,8,0.05,1000.0,2.625,1.2027703300708037,0.6734288987621203,0.7363494539781591
20News,1,spectral,8,0.05,10000.0,2.625,1.2027703300708037,0.6734288987621203,0.7363494539781591
20News,1,spectral,8,0.05,inf,2.625,1.2027703300708037,0.6734288987621203,0.7363494539781591
20News,1,spectral,8,0.1,1000.0,2.625,1.4780207275655612,0.6734288987621203,0.7363494539781591
20News,1,spectral,8,0.1,10000.0,2.625,1.4780207275655612,0.6734288987621203,0.7363494539781591
20News,1,spectral,8,0.1,inf,2.625,1.4780207275655612,0.6734288987621203,0.7363494539781591
20News,1,spectral,8,0.2,1000.0,2.625,2.419404412266921,0.6734288987621203,0.7363494539781591
20News,1,spectral,8,0.2,10000.0,2.625,2.419404412266921,0.6734288987621203,0.7363494539781591
20News,1,spectral,8,0.2,inf,2.625,2.419404412266921,0.6734288987621203,0.7363494539781591
20News,1,spectral,16,0.0,1000.0,3.0625,1.0,0.6966356498169726,0.7492063492063492
20News,1,spectral,16,0.0,10000.0,3.0625,1.0,0.7183195014949563,0.7697160883280757
20News,1,spectral,16,0.0,inf,3.0625,1.0,0.7183195014949563,0.7697160883280757
20News,1,spectral,16,0.01,1000.0,3.0625,1.0420753564861824,0.6966356498169726,0.7492063492063492
20News,1,spectral,16,0.01,10000.0,3.0625,1.0420753564861824,0.7183195014949563,0.7697160883280757
20News,1,spectral,16,0.01,inf,3.0625,1.0420753564861824,0.7183195014949563,0.7697160883280757
20News,1,spectral,16,0.05,1000.0,3.0625,1.238692862349021,0.7074775756559644,0.759493670886076
20News,1,spectral,16,0.05,10000.0,3.0625,1.238692862349021,0.7183195014949563,0.7697160883280757
20News,1,spectral,16,0.05,inf,3.0625,1.238692862349021,0.7183195014949563,0.7697160883280757
20News,1,spectral,16,0.1,1000.0,3.0625,1.5681567522145583,0.7062760220191691,0.7567567567567568
20News,1,spectral,16,0.1,10000.0,3.0625,1.5681567522145583,0.7183195014949563,0.7697160883280757
20News,1,spectral,16,0.1,inf,3.0625,1.5681567522145583,0.7183195014949563,0.7697160883280757
20News,1,spectral,16,0.2,1000.0,3.0625,2.723430776586298,0.7142607650822925,0.7623604465709729
20News,1,spectral,16,0.2,10000.0,3.0625,2.723430776586298,0.7183195014949563,0.7697160883280757
20News,1,spectral,16,0.2,inf,3.0625,2.723430776586298,0.7183195014949563,0.7697160883280757
20News,1,spectral,32,0.0,1000.0,3.15625,1.0,0.7346103333612765,0.7712418300653595
20News,1,spectral,32,0.0,10000.0,3.15625,1.0,0.7346103333612765,0.7712418300653595
20News,1,spectral,32,0.0,inf,3.15625,1.0,0.7346103333612765,0.7712418300653595
20News,1,spectral,32,0.01,1000.0,3.15625,1.0433884440490973,0.7346103333612765,0.7712418300653595
20News,1,spectral,32,0.01,10000.0,3.15625,1.0433884440490973,0.7109495068041467,0.7584
20News,1,spectral,32,0.01,inf,3.15625,1.0433884440490973,0.7346103333612765,0.7712418300653595
20News,1,spectral,32,0.05,1000.0,3.15625,1.246746147438567,0.7346103333612765,0.7712418300653595
20News,1,spectral,32,0.05,10000.0,3.15625,1.246746147438567,0.717439293598234,0.7569331158238173
20News,1,spectral,32,0.05,inf,3.15625,1.246746147438567,0.7346103333612765,0.7712418300653595
20News,1,spectral,32,0.1,1000.0,3.15625,1.5893285424179822,0.7346103333612765,0.7712418300653595
20News,1,spectral,32,0.1,10000.0,3.15625,1.5893285424179822,0.7346103333612765,0.7712418300653595
20News,1,spectral,32,0.1,inf,3.15625,1.5893285424179822,0.7346103333612765,0.7712418300653595
20News,1,spectral,32,0.2,1000.0,3.15625,2.8021907656580827,0.7346103333612765,0.7712418300653595
20News,1,spectral,32,0.2,10000.0,3.15625,2.8021907656580827,0.7109495068041467,0.7584
20News,1,spectral,32,0.2,inf,3.15625,2.8021907656580827,0.7346103333612765,0.7712418300653595
20News,1,spectral,64,0.0,1000.0,2.84375,1.0,0.7403246989130131,0.7806451612903226
20News,1,spectral,64,0.0,10000.0,2.84375,1.0,0.7309777293430575,0.7770700636942676
20News,1,spectral,64,0.0,inf,2.84375,1.0,0.7403246989130131,0.7806451612903226
20News,1,spectral,64,0.01,1000.0,2.84375,1.0390094538677908,0.7403246989130131,0.7806451612903226
20News,1,spectral,64,0.01,10000.0,2.84375,1.0390094538677908,0.7403246989130131,0.7806451612903226
20News,1,spectral,64,0.01,inf,2.84375,1.0390094538677908,0.7403246989130131,0.7806451612903226
20News,1,spectral,64,0.05,1000.0,2.84375,1.219829058855685,0.7403246989130131,0.7806451612903226
20News,1,spectral,64,0.05,10000.0,2.84375,1.219829058855685,0.741980328052086,0.782608695652174
20News,1,spectral,64,0.05,inf,2.84375,1.219829058855685,0.7403246989130131,0.7806451612903226
20News,1,spectral,64,0.1,1000.0,2.84375,1.518305118868387,0.7403246989130131,0.7806451612903226
20News,1,spectral,64,0.1,10000.0,2.84375,1.518305118868387,0.7382149942716629,0.7793880837359098
20News,1,spectral,64,0.1,inf,2.84375,1.518305118868387,0.7403246989130131,0.7806451612903226
20News,1,spectral,64,0.2,1000.0,2.84375,2.5353203333105654,0.7403246989130131,0.7806451612903226
20News,1,spectral,64,0.2,10000.0,2.84375,2.5353203333105654,0.7403246989130131,0.7806451612903226
20News,1,spectral,64,0.2,inf,2.84375,2.5353203333105654,0.7403246989130131,0.7806451612903226
20News,1,spectral,128,0.0,1000.0,2.953125,1.0,0.7513272976220415,0.7862969004893964
20News,1,spectral,128,0.0,10000.0,2.953125,1.0,0.7517813731243188,0.7855973813420621
20News,1,spectral,128,0.0,inf,2.953125,1.0,0.7513272976220415,0.7862969004893964
20News,1,spectral,128,0.01,1000.0,2.953125,1.0405146779262155,0.7513272976220415,0.7862969004893964
20News,1,spectral,128,0.01,10000.0,2.953125,1.0405146779262155,0.7380822645094588,0.7702479338842976
20News,1,spectral,128,0.01,inf,2.953125,1.0405146779262155,0.7513272976220415,0.7862969004893964
20News,1,spectral,128,0.05,1000.0,2.953125,1.2284098747917533,0.7513272976220415,0.7862969004893964
20News,1,spectral,128,0.05,10000.0,2.953125,1.2284098747917533,0.7454522592002683,0.7817589576547231
20News,1,spectral,128,0.05,inf,2.953125,1.2284098747917533,0.7513272976220415,0.7862969004893964
20News,1,spectral,128,0.1,1000.0,2.953125,1.5387503938937708,0.7513272976220415,0.7862969004893964
20News,1,spectral,128,0.1,10000.0,2.953125,1.5387503938937708,0.7529829267611143,0.7882736156351792
20News,1,spectral,128,0.1,inf,2.953125,1.5387503938937708,0.7513272976220415,0.7862969004893964
20News,1,spectral,128,0.2,1000.0,2.953125,2.5959505839765042,0.7513272976220415,0.7862969004893964
20News,1,spectral,128,0.2,10000.0,2.953125,2.5959505839765042,0.748763517478414,0.7857142857142857
20News,1,spectral,128,0.2,inf,2.953125,2.5959505839765042,0.7513272976220415,0.7862969004893964
20News,1,random_live,4,0.0,1000.0,2.75,1.0,0.5349358705675246,0.6713483146067416
20News,1,random_live,4,0.0,10000.0,2.75,1.0,0.5349358705675246,0.6713483146067416
20News,1,random_live,4,0.0,inf,2.75,1.0,0.5349358705675246,0.6713483146067416
20News,1,random_live,4,0.01,1000.0,2.75,1.0377137172980335,0.5349358705675246,0.6713483146067416
20News,1,random_live,4,0.01,10000.0,2.75,1.0377137172980335,0.5349358705675246,0.6713483146067416
20News,1,random_live,4,0.01,inf,2.75,1.0377137172980335,0.5349358705675246,0.6713483146067416
20News,1,random_live,4,0.05,1000.0,2.75,1.2122878488129945,0.5349358705675246,0.6713483146067416
20News,1,random_live,4,0.05,10000.0,2.75,1.2122878488129945,0.5349358705675246,0.6713483146067416
20News,1,random_live,4,0.05,inf,2.75,1.2122878488129945,0.5349358705675246,0.6713483146067416
20News,1,random_live,4,0.1,1000.0,2.75,1.4996848849830187,0.5349358705675246,0.6713483146067416
20News,1,random_live,4,0.1,10000.0,2.75,1.4996848849830187,0.5349358705675246,0.6713483146067416
20News,1,random_live,4,0.1,inf,2.75,1.4996848849830187,0.5349358705675246,0.6713483146067416
20News,1,random_live,4,0.2,1000.0,2.75,2.4731917218769204,0.5349358705675246,0.6713483146067416
20News,1,random_live,4,0.2,10000.0,2.75,2.4731917218769204,0.5349358705675246,0.6713483146067416
20News,1,random_live,4,0.2,inf,2.75,2.4731917218769204,0.5349358705675246,0.6713483146067416
20News,1,random_live,8,0.0,1000.0,2.875,1.0,0.5941962165031994,0.676923076923077
20News,1,random_live,8,0.0,10000.0,2.875,1.0,0.5941962165031994,0.676923076923077
20News,1,random_live,8,0.0,inf,2.875,1.0,0.5941962165031994,0.676923076923077
20News,1,random_live,8,0.01,1000.0,2.875,1.0394257333681578,0.5941962165031994,0.676923076923077
20News,1,random_live,8,0.01,10000.0,2.875,1.0394257333681578,0.5941962165031994,0.676923076923077
20News,1,random_live,8,0.01,inf,2.875,1.0394257333681578,0.5941962165031994,0.676923076923077
20News,1,random_live,8,0.05,1000.0,2.875,1.2218541753436067,0.5941962165031994,0.676923076923077
20News,1,random_live,8,0.05,10000.0,2.875,1.2218541753436067,0.5941962165031994,0.676923076923077
20News,1,random_live,8,0.05,inf,2.875,1.2218541753436067,0.5941962165031994,0.676923076923077
20News,1,random_live,8,0.1,1000.0,2.875,1.5218742340954448,0.5941962165031994,0.676923076923077
20News,1,random_live,8,0.1,10000.0,2.875,1.5218742340954448,0.5941962165031994,0.676923076923077
20News,1,random_live,8,0.1,inf,2.875,1.5218742340954448,0.5941962165031994,0.676923076923077
20News,1,random_live,8,0.2,1000.0,2.875,2.535175192951301,0.5941962165031994,0.676923076923077
20News,1,random_live,8,0.2,10000.0,2.875,2.535175192951301,0.5941962165031994,0.676923076923077
20News,1,random_live,8,0.2,inf,2.875,2.535175192951301,0.5941962165031994,0.676923076923077
20News,1,random_live,16,0.0,1000.0,2.8125,1.0,0.6000991980328052,0.6634615384615384
20News,1,random_live,16,0.0,10000.0,2.8125,1.0,0.6000991980328052,0.6634615384615384
20News,1,random_live,16,0.0,inf,2.8125,1.0,0.6000991980328052,0.6634615384615384
20News,1,random_live,16,0.01,1000.0,2.8125,1.0385348659846994,0.5963338642523821,0.6602564102564102
20News,1,random_live,16,0.01,10000.0,2.8125,1.0385348659846994,0.6000991980328052,0.6634615384615384
20News,1,random_live,16,0.01,inf,2.8125,1.0385348659846994,0.6000991980328052,0.6634615384615384
20News,1,random_live,16,0.05,1000.0,2.8125,1.2160216446272387,0.6000991980328052,0.6634615384615384
20News,1,random_live,16,0.05,10000.0,2.8125,1.2160216446272387,0.6000991980328052,0.6634615384615384
20News,1,random_live,16,0.05,inf,2.8125,1.2160216446272387,0.6000991980328052,0.6634615384615384
20News,1,random_live,16,0.1,1000.0,2.8125,1.505396344665803,0.6076298655936514,0.6698717948717948
20News,1,random_live,16,0.1,10000.0,2.8125,1.505396344665803,0.6000991980328052,0.6634615384615384
20News,1,random_live,16,0.1,inf,2.8125,1.505396344665803,0.6000991980328052,0.6634615384615384
20News,1,random_live,16,0.2,1000.0,2.8125,2.4662762106413494,0.5972420152569369,0.6580645161290323
20News,1,random_live,16,0.2,10000.0,2.8125,2.4662762106413494,0.6000991980328052,0.6634615384615384
20News,1,random_live,16,0.2,inf,2.8125,2.4662762106413494,0.6000991980328052,0.6634615384615384
20News,1,random_live,32,0.0,1000.0,2.90625,1.0,0.6859543968480174,0.7334410339256866
20News,1,random_live,32,0.0,10000.0,2.90625,1.0,0.6859543968480174,0.7334410339256866
20News,1,random_live,32,0.0,inf,2.90625,1.0,0.6859543968480174,0.7334410339256866
20News,1,random_live,32,0.01,1000.0,2.90625,1.039853815545663,0.6859543968480174,0.7334410339256866
20News,1,random_live,32,0.01,10000.0,2.90625,1.039853815545663,0.6859543968480174,0.7334410339256866
20News,1,random_live,32,0.01,inf,2.90625,1.039853815545663,0.6859543968480174,0.7334410339256866
20News,1,random_live,32,0.05,1000.0,2.90625,1.224257958923365,0.6859543968480174,0.7334410339256866
20News,1,random_live,32,0.05,10000.0,2.90625,1.224257958923365,0.6859543968480174,0.7334410339256866
20News,1,random_live,32,0.05,inf,2.90625,1.224257958923365,0.6859543968480174,0.7334410339256866
20News,1,random_live,32,0.1,1000.0,2.90625,1.5275528692972933,0.6859543968480174,0.7334410339256866
20News,1,random_live,32,0.1,10000.0,2.90625,1.5275528692972933,0.6767681001480985,0.7249190938511327
20News,1,random_live,32,0.1,inf,2.90625,1.5275528692972933,0.6859543968480174,0.7334410339256866
20News,1,random_live,32,0.2,1000.0,2.90625,2.552720101085991,0.6859543968480174,0.7334410339256866
20News,1,random_live,32,0.2,10000.0,2.90625,2.552720101085991,0.6859543968480174,0.7334410339256866
20News,1,random_live,32,0.2,inf,2.90625,2.552720101085991,0.6859543968480174,0.7334410339256866
20News,1,random_live,64,0.0,1000.0,3.0,1.0,0.7505798194875234,0.7828947368421053
20News,1,random_live,64,0.0,10000.0,3.0,1.0,0.7505798194875234,0.7828947368421053
20News,1,random_live,64,0.0,inf,3.0,1.0,0.7505798194875234,0.7828947368421053
20News,1,random_live,64,0.01,1000.0,3.0,1.0411610801905158,0.7505798194875234,0.7828947368421053
20News,1,random_live,64,0.01,10000.0,3.0,1.0411610801905158,0.7543451532679465,0.7861842105263158
20News,1,random_live,64,0.01,inf,3.0,1.0411610801905158,0.7505798194875234,0.7828947368421053
20News,1,random_live,64,0.05,1000.0,3.0,1.2321343157798834,0.7505798194875234,0.7828947368421053
20News,1,random_live,64,0.05,10000.0,3.0,1.2321343157798834,0.7430491519266773,0.7763157894736842
20News,1,random_live,64,0.05,inf,3.0,1.2321343157798834,0.7505798194875234,0.7828947368421053
20News,1,random_live,64,0.1,1000.0,3.0,1.5478055740345225,0.7505798194875234,0.7828947368421053
20News,1,random_live,64,0.1,10000.0,3.0,1.5478055740345225,0.7245158856568028,0.7642276422764228
20News,1,random_live,64,0.1,inf,3.0,1.5478055740345225,0.7505798194875234,0.7828947368421053
20News,1,random_live,64,0.2,1000.0,3.0,2.624820708967966,0.7505798194875234,0.7828947368421053
20News,1,random_live,64,0.2,10000.0,3.0,2.624820708967966,0.7425950764243999,0.7770491803278688
20News,1,random_live,64,0.2,inf,3.0,2.624820708967966,0.7505798194875234,0.7828947368421053
20News,1,random_live,128,0.0,1000.0,2.9453125,1.0,0.7504191466174868,0.7876823338735819
20News,1,random_live,128,0.0,10000.0,2.9453125,1.0,0.7474012909715819,0.7877813504823151
20News,1,random_live,128,0.0,inf,2.9453125,1.0,0.7504191466174868,0.7876823338735819
20News,1,random_live,128,0.01,1000.0,2.9453125,1.0404018540037712,0.7504191466174868,0.7876823338735819
20News,1,random_live,128,0.01,10000.0,2.9453125,1.0404018540037712,0.7421410009221225,0.7777777777777778
20News,1,random_live,128,0.01,inf,2.9453125,1.0404018540037712,0.7504191466174868,0.7876823338735819
20News,1,random_live,128,0.05,1000.0,2.9453125,1.2276350511505623,0.7504191466174868,0.7876823338735819
20News,1,random_live,128,0.05,10000.0,2.9453125,1.2276350511505623,0.7461997373347864,0.7851373182552503
20News,1,random_live,128,0.05,inf,2.9453125,1.2276350511505623,0.7504191466174868,0.7876823338735819
20News,1,random_live,128,0.1,1000.0,2.9453125,1.5364444741080492,0.7504191466174868,0.7876823338735819
20News,1,random_live,128,0.1,10000.0,2.9453125,1.5364444741080492,0.7386690697739402,0.778675282714055
20News,1,random_live,128,0.1,inf,2.9453125,1.5364444741080492,0.7504191466174868,0.7876823338735819
20News,1,random_live,128,0.2,1000.0,2.9453125,2.585417235844546,0.7504191466174868,0.7876823338735819
20News,1,random_live,128,0.2,10000.0,2.9453125,2.585417235844546,0.7466538128370637,0.7844408427876823
20News,1,random_live,128,0.2,inf,2.9453125,2.585417235844546,0.7504191466174868,0.7876823338735819
20News,2,spectral,4,0.0,1000.0,2.75,1.0,0.6674352682348959,0.7275590551181103
20News,2,spectral,4,0.0,10000.0,2.75,1.0,0.6674352682348959,0.7275590551181103
20News,2,spectral,4,0.0,inf,2.75,1.0,0.6674352682348959,0.7275590551181103
20News,2,spectral,4,0.01,1000.0,2.75,1.0377606132824233,0.6665608958086535,0.72
20News,2,spectral,4,0.01,10000.0,2.75,1.0377606132824233,0.6674352682348959,0.7275590551181103
20News,2,spectral,4,0.01,inf,2.75,1.0377606132824233,0.6674352682348959,0.7275590551181103
20News,2,spectral,4,0.05,1000.0,2.75,1.2137520824656391,0.6674352682348959,0.7275590551181103
20News,2,spectral,4,0.05,10000.0,2.75,1.2137520824656391,0.6674352682348959,0.7275590551181103
20News,2,spectral,4,0.05,inf,2.75,1.2137520824656391,0.6674352682348959,0.7275590551181103
20News,2,spectral,4,0.1,1000.0,2.75,1.5075627604075486,0.6674352682348959,0.7275590551181103
20News,2,spectral,4,0.1,10000.0,2.75,1.5075627604075486,0.6674352682348959,0.7275590551181103
20News,2,spectral,4,0.1,inf,2.75,1.5075627604075486,0.6674352682348959,0.7275590551181103
20News,2,spectral,4,0.2,1000.0,2.75,2.534662932859777,0.6674352682348959,0.7275590551181103
20News,2,spectral,4,0.2,10000.0,2.75,2.534662932859777,0.6674352682348959,0.7275590551181103
20News,2,spectral,4,0.2,inf,2.75,2.534662932859777,0.6674352682348959,0.7275590551181103
20News,2,spectral,8,0.0,1000.0,2.75,1.0,0.715821910080668,0.7658227848101266
20News,2,spectral,8,0.0,10000.0,2.75,1.0,0.715821910080668,0.7658227848101266
20News,2,spectral,8,0.0,inf,2.75,1.0,0.715821910080668,0.7658227848101266
20News,2,spectral,8,0.01,1000.0,2.75,1.0377371652902285,0.715821910080668,0.7658227848101266
20News,2,spectral,8,0.01,10000.0,2.75,1.0377371652902285,0.715821910080668,0.7658227848101266
20News,2,spectral,8,0.01,inf,2.75,1.0377371652902285,0.715821910080668,0.7658227848101266
20News,2,spectral,8,0.05,1000.0,2.75,1.2130199656393168,0.715821910080668,0.7658227848101266
20News,2,spectral,8,0.05,10000.0,2.75,1.2130199656393168,0.715821910080668,0.7658227848101266
20News,2,spectral,8,0.05,inf,2.75,1.2130199656393168,0.715821910080668,0.7658227848101266
20News,2,spectral,8,0.1,1000.0,2.75,1.5036238226952836,0.715821910080668,0.7658227848101266
20News,2,spectral,8,0.1,10000.0,2.75,1.5036238226952836,0.715821910080668,0.7658227848101266
20News,2,spectral,8,0.1,inf,2.75,1.5036238226952836,0.715821910080668,0.7658227848101266
20News,2,spectral,8,0.2,1000.0,2.75,2.503927327368349,0.715821910080668,0.7658227848101266
20News,2,spectral,8,0.2,10000.0,2.75,2.503927327368349,0.715821910080668,0.7658227848101266
20News,2,spectral,8,0.2,inf,2.75,2.503927327368349,0.715821910080668,0.7658227848101266
20News,2,spectral,16,0.0,1000.0,3.0625,1.0,0.7319061318892086,0.7694805194805194
20News,2,spectral,16,0.0,10000.0,3.0625,1.0,0.7319061318892086,0.7694805194805194
20News,2,spectral,16,0.0,inf,3.0625,1.0,0.7319061318892086,0.7694805194805194
20News,2,spectral,16,0.01,1000.0,3.0625,1.0420753564861824,0.7475461160940937,0.785829307568438
20News,2,spectral,16,0.01,10000.0,3.0625,1.0420753564861824,0.7319061318892086,0.7694805194805194
20News,2,spectral,16,0.01,inf,3.0625,1.0420753564861824,0.7319061318892086,0.7694805194805194
20News,2,spectral,16,0.05,1000.0,3.0625,1.238692862349021,0.7339510351441305,0.77491961414791
20News,2,spectral,16,0.05,10000.0,3.0625,1.238692862349021,0.7319061318892086,0.7694805194805194
20News,2,spectral,16,0.05,inf,3.0625,1.238692862349021,0.7319061318892086,0.7694805194805194
20News,2,spectral,16,0.1,1000.0,3.0625,1.568156752214558,0.7346843797596886,0.7699836867862969
20News,2,spectral,16,0.1,10000.0,3.0625,1.568156752214558,0.7319061318892086,0.7694805194805194
20News,2,spectral,16,0.1,inf,3.0625,1.568156752214558,0.7319061318892086,0.7694805194805194
20News,2,spectral,16,0.2,1000.0,3.0625,2.723430776586298,0.7205040333953856,0.7597402597402597
20News,2,spectral,16,0.2,10000.0,3.0625,2.723430776586298,0.7319061318892086,0.7694805194805194
20News,2,spectral,16,0.2,inf,3.0625,2.723430776586298,0.7319061318892086,0.7694805194805194
20News,2,spectral,32,0.0,1000.0,3.0625,1.0,0.7254752637220059,0.761437908496732
20News,2,spectral,32,0.0,10000.0,3.0625,1.0,0.7254752637220059,0.761437908496732
20News,2,spectral,32,0.0,inf,3.0625,1.0,0.7254752637220059,0.761437908496732
20News,2,spectral,32,0.01,1000.0,3.0625,1.0420753564861824,0.7254752637220059,0.761437908496732
20News,2,spectral,32,0.01,10000.0,3.0625,1.0420753564861824,0.7254752637220059,0.761437908496732
20News,2,spectral,32,0.01,inf,3.0625,1.0420753564861824,0.7254752637220059,0.761437908496732
20News,2,spectral,32,0.05,1000.0,3.0625,1.2386928623490212,0.7254752637220059,0.761437908496732
20News,2,spectral,32,0.05,10000.0,3.0625,1.2386928623490212,0.7254752637220059,0.761437908496732
20News,2,spectral,32,0.05,inf,3.0625,1.2386928623490212,0.7254752637220059,0.761437908496732
20News,2,spectral,32,0.1,1000.0,3.0625,1.568156752214558,0.7254752637220059,0.761437908496732
20News,2,spectral,32,0.1,10000.0,3.0625,1.568156752214558,0.7254752637220059,0.761437908496732
20News,2,spectral,32,0.1,inf,3.0625,1.568156752214558,0.7254752637220059,0.761437908496732
20News,2,spectral,32,0.2,1000.0,3.0625,2.723430776586298,0.7254752637220059,0.761437908496732
20News,2,spectral,32,0.2,10000.0,3.0625,2.723430776586298,0.7362920968014892,0.7719869706840391
20News,2,spectral,32,0.2,inf,3.0625,2.723430776586298,0.7254752637220059,0.761437908496732
20News,2,spectral,64,0.0,1000.0,2.921875,1.0,0.7605559316297175,0.797427652733119
20News,2,spectral,64,0.0,10000.0,2.921875,1.0,0.7561699667174366,0.7948717948717948
20News,2,spectral,64,0.0,inf,2.921875,1.0,0.7605559316297175,0.797427652733119
20News,2,spectral,64,0.01,1000.0,2.921875,1.040102716503878,0.7605559316297175,0.797427652733119
20News,2,spectral,64,0.01,10000.0,2.921875,1.040102716503878,0.754562249675636,0.7929373996789727
20News,2,spectral,64,0.01,inf,2.921875,1.040102716503878,0.7605559316297175,0.797427652733119
20News,2,spectral,64,0.05,1000.0,2.921875,1.2265096248958764,0.7605559316297175,0.797427652733119
20News,2,spectral,64,0.05,10000.0,2.921875,1.2265096248958764,0.7491538331358945,0.7877813504823151
20News,2,spectral,64,0.05,inf,2.921875,1.2265096248958764,0.7605559316297175,0.797427652733119
20News,2,spectral,64,0.1,1000.0,2.921875,1.5357841549665627,0.7605559316297175,0.797427652733119
20News,2,spectral,64,0.1,10000.0,2.921875,1.5357841549665627,0.754562249675636,0.7929373996789727
20News,2,spectral,64,0.1,inf,2.921875,1.5357841549665627,0.7605559316297175,0.797427652733119
20News,2,spectral,64,0.2,1000.0,2.921875,2.5996730073082435,0.7605559316297175,0.797427652733119
20News,2,spectral,64,0.2,10000.0,2.921875,2.5996730073082435,0.7471089298809725,0.7824675324675324
20News,2,spectral,64,0.2,inf,2.921875,2.5996730073082435,0.7605559316297175,0.797427652733119
20News,2,spectral,128,0.0,1000.0,2.9296875,1.0,0.7552955942911942,0.7882736156351792
20News,2,spectral,128,0.0,10000.0,2.9296875,1.0,0.7433082303830315,0.7792207792207793
20News,2,spectral,128,0.0,inf,2.9296875,1.0,0.7552955942911942,0.7882736156351792
20News,2,spectral,128,0.01,1000.0,2.9296875,1.0401878715349993,0.7552955942911942,0.7882736156351792
20News,2,spectral,128,0.01,10000.0,2.9296875,1.0401878715349993,0.7487166469227732,0.7844408427876823
20News,2,spectral,128,0.01,inf,2.9296875,1.0401878715349993,0.7552955942911942,0.7882736156351792
20News,2,spectral,128,0.05,1000.0,2.9296875,1.2264423108210118,0.7552955942911942,0.7882736156351792
20News,2,spectral,128,0.05,10000.0,2.9296875,1.2264423108210118,0.7514948947932533,0.7850162866449512
20News,2,spectral,128,0.05,inf,2.9296875,1.2264423108210118,0.7552955942911942,0.7882736156351792
20News,2,spectral,128,0.1,1000.0,2.9296875,1.5337036299499314,0.7552955942911942,0.7882736156351792
20News,2,spectral,128,0.1,10000.0,2.9296875,1.5337036299499314,0.7570513905342133,0.7861842105263158
20News,2,spectral,128,0.1,inf,2.9296875,1.5337036299499314,0.7552955942911942,0.7882736156351792
20News,2,spectral,128,0.2,1000.0,2.9296875,2.5781815620517725,0.7552955942911942,0.7882736156351792
20News,2,spectral,128,0.2,10000.0,2.9296875,2.5781815620517725,0.7498871777514526,0.7830342577487766
20News,2,spectral,128,0.2,inf,2.9296875,2.5781815620517725,0.7552955942911942,0.7882736156351792
20News,2,random_live,4,0.0,1000.0,2.75,1.0,0.6137882890506008,0.6793650793650794
20News,2,random_live,4,0.0,10000.0,2.75,1.0,0.6149588198792801,0.6773162939297125
20News,2,random_live,4,0.0,inf,2.75,1.0,0.6149588198792801,0.6773162939297125
20News,2,random_live,4,0.01,1000.0,2.75,1.0376674465934357,0.6149588198792801,0.6773162939297125
20News,2,random_live,4,0.01,10000.0,2.75,1.0376674465934357,0.6149588198792801,0.6773162939297125
20News,2,random_live,4,0.01,inf,2.75,1.0376674465934357,0.6149588198792801,0.6773162939297125
20News,2,random_live,4,0.05,1000.0,2.75,1.2109212307371928,0.6149588198792801,0.6773162939297125
20News,2,random_live,4,0.05,10000.0,2.75,1.2109212307371928,0.6149588198792801,0.6773162939297125
20News,2,random_live,4,0.05,inf,2.75,1.2109212307371928,0.6149588198792801,0.6773162939297125
20News,2,random_live,4,0.1,1000.0,2.75,1.4928573929484261,0.6117433857956789,0.6730769230769231
20News,2,random_live,4,0.1,10000.0,2.75,1.4928573929484261,0.6149588198792801,0.6773162939297125
20News,2,random_live,4,0.1,inf,2.75,1.4928573929484261,0.6149588198792801,0.6773162939297125
20News,2,random_live,4,0.2,1000.0,2.75,2.428112833822826,0.6149588198792801,0.6773162939297125
20News,2,random_live,4,0.2,10000.0,2.75,2.428112833822826,0.6149588198792801,0.6773162939297125
20News,2,random_live,4,0.2,inf,2.75,2.428112833822826,0.6149588198792801,0.6773162939297125
20News,2,random_live,8,0.0,1000.0,2.875,1.0,0.6398149715123822,0.6831683168316832
20News,2,random_live,8,0.0,10000.0,2.875,1.0,0.6398149715123822,0.6831683168316832
20News,2,random_live,8,0.0,inf,2.875,1.0,0.6398149715123822,0.6831683168316832
20News,2,random_live,8,0.01,1000.0,2.875,1.0394025980158588,0.6398149715123822,0.6831683168316832
20News,2,random_live,8,0.01,10000.0,2.875,1.0394025980158588,0.6398149715123822,0.6831683168316832
20News,2,random_live,8,0.01,inf,2.875,1.0394025980158588,0.6398149715123822,0.6831683168316832
20News,2,random_live,8,0.05,1000.0,2.875,1.221170866305706,0.6398149715123822,0.6831683168316832
20News,2,random_live,8,0.05,10000.0,2.875,1.221170866305706,0.6398149715123822,0.6831683168316832
20News,2,random_live,8,0.05,inf,2.875,1.221170866305706,0.6398149715123822,0.6831683168316832
20News,2,random_live,8,0.1,1000.0,2.875,1.5184604880781485,0.6398149715123822,0.6831683168316832
20News,2,random_live,8,0.1,10000.0,2.875,1.5184604880781485,0.6398149715123822,0.6831683168316832
20News,2,random_live,8,0.1,inf,2.875,1.5184604880781485,0.6398149715123822,0.6831683168316832
20News,2,random_live,8,0.2,1000.0,2.875,2.5126357489242537,0.6398149715123822,0.6831683168316832
20News,2,random_live,8,0.2,10000.0,2.875,2.5126357489242537,0.6398149715123822,0.6831683168316832
20News,2,random_live,8,0.2,inf,2.875,2.5126357489242537,0.6398149715123822,0.6831683168316832
20News,2,random_live,16,0.0,1000.0,3.0,1.0,0.6968254639814971,0.7326732673267327
20News,2,random_live,16,0.0,10000.0,3.0,1.0,0.6956549331528177,0.7344262295081967
20News,2,random_live,16,0.0,inf,3.0,1.0,0.6956549331528177,0.7344262295081967
20News,2,random_live,16,0.01,1000.0,3.0,1.0411494734343794,0.6956549331528177,0.7344262295081967
20News,2,random_live,16,0.01,10000.0,3.0,1.0411494734343794,0.6956549331528177,0.7344262295081967
20News,2,random_live,16,0.01,inf,3.0,1.0411494734343794,0.6956549331528177,0.7344262295081967
20News,2,random_live,16,0.05,1000.0,3.0,1.23178656028738,0.690246516613076,0.729064039408867
20News,2,random_live,16,0.05,10000.0,3.0,1.23178656028738,0.6956549331528177,0.7344262295081967
20News,2,random_live,16,0.05,inf,3.0,1.23178656028738,0.6956549331528177,0.7344262295081967
20News,2,random_live,16,0.1,1000.0,3.0,1.5460330520640033,0.6399559993230666,0.6976
20News,2,random_live,16,0.1,10000.0,3.0,1.5460330520640033,0.6956549331528177,0.7344262295081967
20News,2,random_live,16,0.1,inf,3.0,1.5460330520640033,0.6956549331528177,0.7344262295081967
20News,2,random_live,16,0.2,1000.0,3.0,2.612526466771395,0.6918542336548767,0.7311475409836066
20News,2,random_live,16,0.2,10000.0,3.0,2.612526466771395,0.6956549331528177,0.7344262295081967
20News,2,random_live,16,0.2,inf,3.0,2.612526466771395,0.6956549331528177,0.7344262295081967
20News,2,random_live,32,0.0,1000.0,3.125,1.0,0.6984331810232978,0.7347611202635914
20News,2,random_live,32,0.0,10000.0,3.125,1.0,0.6984331810232978,0.7347611202635914
20News,2,random_live,32,0.0,inf,3.125,1.0,0.6984331810232978,0.7347611202635914
20News,2,random_live,32,0.01,1000.0,3.125,1.0428846248568027,0.6984331810232978,0.7347611202635914
20News,2,random_live,32,0.01,10000.0,3.125,1.0428846248568027,0.7054493146048401,0.7422003284072249
20News,2,random_live,32,0.01,inf,3.125,1.0428846248568027,0.6984331810232978,0.7347611202635914
20News,2,random_live,32,0.05,1000.0,3.125,1.2420361958558934,0.6984331810232978,0.7347611202635914
20News,2,random_live,32,0.05,10000.0,3.125,1.2420361958558934,0.6984331810232978,0.7347611202635914
20News,2,random_live,32,0.05,inf,3.125,1.2420361958558934,0.6984331810232978,0.7347611202635914
20News,2,random_live,32,0.1,1000.0,3.125,1.5716361471937257,0.6984331810232978,0.7347611202635914
20News,2,random_live,32,0.1,10000.0,3.125,1.5716361471937257,0.6984331810232978,0.7347611202635914
20News,2,random_live,32,0.1,inf,3.125,1.5716361471937257,0.6984331810232978,0.7347611202635914
20News,2,random_live,32,0.2,1000.0,3.125,2.6970493818728225,0.6984331810232978,0.7347611202635914
20News,2,random_live,32,0.2,10000.0,3.125,2.6970493818728225,0.6984331810232978,0.7347611202635914
20News,2,random_live,32,0.2,inf,3.125,2.6970493818728225,0.6984331810232978,0.7347611202635914
20News,2,random_live,64,0.0,1000.0,2.96875,1.0,0.7428710441699103,0.7757774140752864
20News,2,random_live,64,0.0,10000.0,2.96875,1.0,0.73789981384329,0.7739837398373983
20News,2,random_live,64,0.0,inf,2.96875,1.0,0.7428710441699103,0.7757774140752864
20News,2,random_live,64,0.01,1000.0,2.96875,1.0407417524511635,0.7428710441699103,0.7757774140752864
20News,2,random_live,64,0.01,10000.0,2.96875,1.0407417524511635,0.7428710441699103,0.7757774140752864
20News,2,random_live,64,0.01,inf,2.96875,1.0407417524511635,0.7428710441699103,0.7757774140752864
20News,2,random_live,64,0.05,1000.0,2.96875,1.2299993817680133,0.7428710441699103,0.7757774140752864
20News,2,random_live,64,0.05,10000.0,2.96875,1.2299993817680133,0.7412633271281097,0.7737704918032787
20News,2,random_live,64,0.05,inf,2.96875,1.2299993817680133,0.7428710441699103,0.7757774140752864
20News,2,random_live,64,0.1,1000.0,2.96875,1.5435471447078182,0.7428710441699103,0.7757774140752864
20News,2,random_live,64,0.1,10000.0,2.96875,1.5435471447078182,0.74623455745473,0.7755775577557755
20News,2,random_live,64,0.1,inf,2.96875,1.5435471447078182,0.7428710441699103,0.7757774140752864
20News,2,random_live,64,0.2,1000.0,2.96875,2.6180503380916598,0.7428710441699103,0.7757774140752864
20News,2,random_live,64,0.2,10000.0,2.96875,2.6180503380916598,0.7326394765047668,0.7644151565074135
20News,2,random_live,64,0.2,inf,2.96875,2.6180503380916598,0.7428710441699103,0.7757774140752864
20News,2,random_live,128,0.0,1000.0,2.9609375,1.0,0.7564661251198737,0.7868852459016393
20News,2,random_live,128,0.0,10000.0,2.9609375,1.0,0.7472570090821911,0.7783251231527094
20News,2,random_live,128,0.0,inf,2.9609375,1.0,0.7564661251198737,0.7868852459016393
20News,2,random_live,128,0.01,1000.0,2.9609375,1.0406173019720555,0.7564661251198737,0.7868852459016393
20News,2,random_live,128,0.01,10000.0,2.9609375,1.0406173019720555,0.7471089298809725,0.7824675324675324
20News,2,random_live,128,0.01,inf,2.9609375,1.0406173019720555,0.7564661251198737,0.7868852459016393
20News,2,random_live,128,0.05,1000.0,2.9609375,1.2288735487817575,0.7564661251198737,0.7868852459016393
20News,2,random_live,128,0.05,10000.0,2.9609375,1.2288735487817575,0.7390703446719693,0.7725040916530278
20News,2,random_live,128,0.05,inf,2.9609375,1.2288735487817575,0.7564661251198737,0.7868852459016393
20News,2,random_live,128,0.1,1000.0,2.9609375,1.5394315018731832,0.7564661251198737,0.7868852459016393
20News,2,random_live,128,0.1,10000.0,2.9609375,1.5394315018731832,0.758659107576014,0.7881773399014779
20News,2,random_live,128,0.1,inf,2.9609375,1.5394315018731832,0.7564661251198737,0.7868852459016393
20News,2,random_live,128,0.2,1000.0,2.9609375,2.5945738849805338,0.7564661251198737,0.7868852459016393
20News,2,random_live,128,0.2,10000.0,2.9609375,2.5945738849805338,0.7488647261239916,0.780327868852459
20News,2,random_live,128,0.2,inf,2.9609375,2.5945738849805338,0.7564661251198737,0.7868852459016393
