dataset,n_qubits,seed,k,arm,budget,shots_per_obs,dead_in_basis,wasted_shots,mean_abs_est_error,accuracy,balanced,f1
EColi,4,0,16,spectral,1000.0,62.0,0,0,0.11574366035362293,0.9225473321858864,0.8078919631093544,0.6853146853146853
EColi,4,0,16,spectral,10000.0,625.0,0,0,0.023943344791934718,0.9173838209982789,0.8049275362318841,0.6712328767123288
EColi,4,0,16,spectral,100000.0,6250.0,0,0,0.00800390240832241,0.9173838209982789,0.8049275362318841,0.6712328767123288
EColi,4,0,16,spectral,inf,inf,0,0,0.0,0.9173838209982789,0.8049275362318841,0.6712328767123288
EColi,4,0,16,random_live,1000.0,62.0,0,0,0.09477602699508625,0.9363166953528399,0.8214756258234519,0.7299270072992701
EColi,4,0,16,random_live,10000.0,625.0,0,0,0.0318803721594625,0.9363166953528399,0.8214756258234519,0.7299270072992701
EColi,4,0,16,random_live,100000.0,6250.0,0,0,0.008965472723905101,0.9363166953528399,0.8214756258234519,0.7299270072992701
EColi,4,0,16,random_live,inf,inf,0,0,0.0,0.9363166953528399,0.8214756258234519,0.7299270072992701
EColi,4,0,16,random_all,1000.0,62.0,6,372,0.0764233786728796,0.9122203098106713,0.6940711462450593,0.5405405405405406
EColi,4,0,16,random_all,10000.0,625.0,6,3750,0.02785341245784399,0.9122203098106713,0.6940711462450593,0.5405405405405406
EColi,4,0,16,random_all,100000.0,6250.0,6,37500,0.010485802232076381,0.9122203098106713,0.6940711462450593,0.5405405405405406
EColi,4,0,16,random_all,inf,inf,6,0,0.0,0.9122203098106713,0.6940711462450593,0.5405405405405406
EColi,4,0,32,spectral,1000.0,31.0,0,0,0.174111613296208,0.9397590361445783,0.863201581027668,0.7651006711409396
EColi,4,0,32,spectral,10000.0,312.0,0,0,0.04217103063039303,0.9397590361445783,0.863201581027668,0.7651006711409396
EColi,4,0,32,spectral,100000.0,3125.0,0,0,0.015059347698559513,0.9397590361445783,0.863201581027668,0.7651006711409396
EColi,4,0,32,spectral,inf,inf,0,0,0.0,0.9397590361445783,0.863201581027668,0.7651006711409396
EColi,4,0,32,random_live,1000.0,31.0,0,0,0.1115683703967621,0.9363166953528399,0.8157971014492753,0.725925925925926
EColi,4,0,32,random_live,10000.0,312.0,0,0,0.040765048834257044,0.9328743545611016,0.8081422924901186,0.7111111111111111
EColi,4,0,32,random_live,100000.0,3125.0,0,0,0.014084306116682873,0.9363166953528399,0.8157971014492753,0.725925925925926
EColi,4,0,32,random_live,inf,inf,0,0,0.0,0.9363166953528399,0.8157971014492753,0.725925925925926
EColi,4,0,32,random_all,1000.0,31.0,19,589,0.09355791342659783,0.9173838209982789,0.7822134387351778,0.6521739130434783
EColi,4,0,32,random_all,10000.0,312.0,19,5928,0.0482391398751678,0.9173838209982789,0.7822134387351778,0.6521739130434783
EColi,4,0,32,random_all,100000.0,3125.0,19,59375,0.016892121886311756,0.9173838209982789,0.7822134387351778,0.6521739130434783
EColi,4,0,32,random_all,inf,inf,19,0,0.0,0.9173838209982789,0.7822134387351778,0.6521739130434783
EColi,4,0,64,spectral,1000.0,15.0,0,0,0.20071575282112808,0.9328743545611016,0.8308563899868248,0.7272727272727273
EColi,4,0,64,spectral,10000.0,156.0,0,0,0.06225230929881153,0.9363166953528399,0.8385111989459815,0.7412587412587412
EColi,4,0,64,spectral,100000.0,1562.0,0,0,0.018705515614540317,0.9328743545611016,0.8308563899868248,0.7272727272727273
EColi,4,0,64,spectral,inf,inf,0,0,0.0,0.9328743545611016,0.8308563899868248,0.7272727272727273
EColi,4,0,64,random_live,1000.0,15.0,0,0,0.19447620184404335,0.9345955249569707,0.8318445322793149,0.7323943661971831
EColi,4,0,64,random_live,10000.0,156.0,0,0,0.06594420491833247,0.9414802065404475,0.852832674571805,0.7638888888888888
EColi,4,0,64,random_live,100000.0,1562.0,0,0,0.018336223706264775,0.9345955249569707,0.8318445322793149,0.7323943661971831
EColi,4,0,64,random_live,inf,inf,0,0,0.0,0.9345955249569707,0.8318445322793149,0.7323943661971831
EColi,4,0,64,random_all,1000.0,15.0,26,390,0.19758434107573042,0.9397590361445783,0.8461660079051383,0.7552447552447552
EColi,4,0,64,random_all,10000.0,156.0,26,4056,0.08111663193226396,0.9397590361445783,0.8461660079051383,0.7552447552447552
EColi,4,0,64,random_all,100000.0,1562.0,26,40612,0.017972412600189766,0.9397590361445783,0.8461660079051383,0.7552447552447552
EColi,4,0,64,random_all,inf,inf,26,0,0.0,0.9397590361445783,0.8461660079051383,0.7552447552447552
EColi,4,1,16,spectral,1000.0,62.0,0,0,0.06696886185751041,0.9208261617900172,0.8022327688490993,0.6714285714285714
EColi,4,1,16,spectral,10000.0,625.0,0,0,0.022656750249286477,0.9173838209982789,0.8002642649120915,0.6619718309859155
EColi,4,1,16,spectral,100000.0,6250.0,0,0,0.008848705841295539,0.9173838209982789,0.8002642649120915,0.6619718309859155
EColi,4,1,16,spectral,inf,inf,0,0,0.0,0.9173838209982789,0.8002642649120915,0.6619718309859155
EColi,4,1,16,random_live,1000.0,62.0,0,0,0.08581963976906143,0.8726333907056799,0.633912199331248,0.38333333333333336
EColi,4,1,16,random_live,10000.0,625.0,0,0,0.03196862390752141,0.8795180722891566,0.6495793334052421,0.4166666666666667
EColi,4,1,16,random_live,100000.0,6250.0,0,0,0.010609052478139064,0.8795180722891566,0.6495793334052421,0.4166666666666667
EColi,4,1,16,random_live,inf,inf,0,0,0.0,0.8795180722891566,0.6495793334052421,0.4166666666666667
EColi,4,1,16,random_all,1000.0,62.0,6,372,0.09120152966492068,0.8984509466437177,0.7131916729586883,0.5354330708661418
EColi,4,1,16,random_all,10000.0,625.0,6,3750,0.03405184641229064,0.8984509466437177,0.7131916729586883,0.5354330708661418
EColi,4,1,16,random_all,100000.0,6250.0,6,37500,0.008707685520301678,0.8984509466437177,0.7131916729586883,0.5354330708661418
EColi,4,1,16,random_all,inf,inf,6,0,0.0,0.8984509466437177,0.7131916729586883,0.5354330708661418
EColi,4,1,32,spectral,1000.0,31.0,0,0,0.10693113782914482,0.9208261617900172,0.8022327688490993,0.6714285714285714
EColi,4,1,32,spectral,10000.0,312.0,0,0,0.033258532693828974,0.9208261617900172,0.8022327688490993,0.6714285714285714
EColi,4,1,32,spectral,100000.0,3125.0,0,0,0.011669630137733764,0.9208261617900172,0.8022327688490993,0.6714285714285714
EColi,4,1,32,spectral,inf,inf,0,0,0.0,0.9208261617900172,0.8022327688490993,0.6714285714285714
EColi,4,1,32,random_live,1000.0,31.0,0,0,0.1621335098739016,0.9018932874354562,0.7444854923956423,0.5777777777777777
EColi,4,1,32,random_live,10000.0,312.0,0,0,0.04268984609192285,0.8984509466437177,0.730786862258656,0.556390977443609
EColi,4,1,32,random_live,100000.0,3125.0,0,0,0.011559949381421963,0.9018932874354562,0.7444854923956423,0.5777777777777777
EColi,4,1,32,random_live,inf,inf,0,0,0.0,0.9018932874354562,0.7444854923956423,0.5777777777777777
EColi,4,1,32,random_all,1000.0,31.0,16,496,0.12049367185906584,0.9087779690189329,0.7542875633696473,0.6015037593984962
EColi,4,1,32,random_all,10000.0,312.0,16,4992,0.03377359989892953,0.9104991394148021,0.7552718153381512,0.6060606060606061
EColi,4,1,32,random_all,100000.0,3125.0,16,50000,0.015785249386292964,0.9087779690189329,0.7542875633696473,0.6015037593984962
EColi,4,1,32,random_all,inf,inf,16,0,0.0,0.9087779690189329,0.7542875633696473,0.6015037593984962
EColi,4,1,64,spectral,1000.0,15.0,0,0,0.20488411887052285,0.9173838209982789,0.788534138712113,0.6521739130434783
EColi,4,1,64,spectral,10000.0,156.0,0,0,0.05344709524475802,0.9173838209982789,0.788534138712113,0.6521739130434783
EColi,4,1,64,spectral,100000.0,1562.0,0,0,0.01715112309243058,0.9173838209982789,0.788534138712113,0.6521739130434783
EColi,4,1,64,spectral,inf,inf,0,0,0.0,0.9173838209982789,0.788534138712113,0.6521739130434783
EColi,4,1,64,random_live,1000.0,15.0,0,0,0.22617607580776833,0.9018932874354562,0.7796758709955776,0.6122448979591837
EColi,4,1,64,random_live,10000.0,156.0,0,0,0.06259464393914763,0.8984509466437177,0.7718423039585804,0.5986394557823129
EColi,4,1,64,random_live,100000.0,1562.0,0,0,0.01960853818177587,0.9018932874354562,0.7796758709955776,0.6122448979591837
EColi,4,1,64,random_live,inf,inf,0,0,0.0,0.9018932874354562,0.7796758709955776,0.6122448979591837
EColi,4,1,64,random_all,1000.0,15.0,31,465,0.1816382988153665,0.9225473321858864,0.8032170208176033,0.6762589928057554
EColi,4,1,64,random_all,10000.0,156.0,31,4836,0.07215345950889358,0.9225473321858864,0.8032170208176033,0.6762589928057554
EColi,4,1,64,random_all,100000.0,1562.0,31,48422,0.01912557494634448,0.9225473321858864,0.8032170208176033,0.6762589928057554
EColi,4,1,64,random_all,inf,inf,31,0,0.0,0.9225473321858864,0.8032170208176033,0.6762589928057554
EColi,4,2,16,spectral,1000.0,62.0,0,0,0.08881788108117444,0.919104991394148,0.8015180265654649,0.6967741935483871
EColi,4,2,16,spectral,10000.0,625.0,0,0,0.029346028182464345,0.919104991394148,0.8015180265654649,0.6967741935483871
EColi,4,2,16,spectral,100000.0,6250.0,0,0,0.007786542607324878,0.919104991394148,0.8015180265654649,0.6967741935483871
EColi,4,2,16,spectral,inf,inf,0,0,0.0,0.919104991394148,0.8015180265654649,0.6967741935483871
EColi,4,2,16,random_live,1000.0,62.0,0,0,0.11658221077840933,0.9311531841652324,0.7988259013282732,0.7222222222222222
EColi,4,2,16,random_live,10000.0,625.0,0,0,0.02738350628728641,0.9311531841652324,0.7988259013282732,0.7222222222222222
EColi,4,2,16,random_live,100000.0,6250.0,0,0,0.009362804420730255,0.9311531841652324,0.7988259013282732,0.7222222222222222
EColi,4,2,16,random_live,inf,inf,0,0,0.0,0.9311531841652324,0.7988259013282732,0.7222222222222222
EColi,4,2,16,random_all,1000.0,62.0,10,620,0.06971080501295329,0.8950086058519794,0.660673624288425,0.47863247863247865
EColi,4,2,16,random_all,10000.0,625.0,10,6250,0.024348817032275778,0.8950086058519794,0.660673624288425,0.47863247863247865
EColi,4,2,16,random_all,100000.0,6250.0,10,62500,0.00886183708176838,0.8950086058519794,0.660673624288425,0.47863247863247865
EColi,4,2,16,random_all,inf,inf,10,0,0.0,0.8950086058519794,0.660673624288425,0.47863247863247865
EColi,4,2,32,spectral,1000.0,31.0,0,0,0.12933542458992184,0.9259896729776248,0.7909274193548387,0.7034482758620689
EColi,4,2,32,spectral,10000.0,312.0,0,0,0.04160610328546908,0.9259896729776248,0.7909274193548387,0.7034482758620689
EColi,4,2,32,spectral,100000.0,3125.0,0,0,0.014332322558117895,0.9259896729776248,0.7909274193548387,0.7034482758620689
EColi,4,2,32,spectral,inf,inf,0,0,0.0,0.9259896729776248,0.7909274193548387,0.7034482758620689
EColi,4,2,32,random_live,1000.0,31.0,0,0,0.1413944642435719,0.9311531841652324,0.7988259013282732,0.7222222222222222
EColi,4,2,32,random_live,10000.0,312.0,0,0,0.04232850677559015,0.9311531841652324,0.7988259013282732,0.7222222222222222
EColi,4,2,32,random_live,100000.0,3125.0,0,0,0.01354012245129227,0.9311531841652324,0.7988259013282732,0.7222222222222222
EColi,4,2,32,random_live,inf,inf,0,0,0.0,0.9311531841652324,0.7988259013282732,0.7222222222222222
EColi,4,2,32,random_all,1000.0,31.0,14,434,0.16587118148265234,0.919104991394148,0.7673980075901328,0.6666666666666666
EColi,4,2,32,random_all,10000.0,312.0,14,4368,0.045167626859492944,0.9036144578313253,0.7095825426944972,0.5692307692307692
EColi,4,2,32,random_all,100000.0,3125.0,14,43750,0.013189551590158857,0.919104991394148,0.7673980075901328,0.6666666666666666
EColi,4,2,32,random_all,inf,inf,14,0,0.0,0.919104991394148,0.7673980075901328,0.6666666666666666
EColi,4,2,64,spectral,1000.0,15.0,0,0,0.2078245716306167,0.919104991394148,0.7722722960151802,0.6713286713286714
EColi,4,2,64,spectral,10000.0,156.0,0,0,0.05868696280570716,0.919104991394148,0.7722722960151802,0.6713286713286714
EColi,4,2,64,spectral,100000.0,1562.0,0,0,0.019418340712064962,0.919104991394148,0.7722722960151802,0.6713286713286714
EColi,4,2,64,spectral,inf,inf,0,0,0.0,0.919104991394148,0.7722722960151802,0.6713286713286714
EColi,4,2,64,random_live,1000.0,15.0,0,0,0.19867316825291623,0.9104991394148021,0.7672319734345351,0.6486486486486487
EColi,4,2,64,random_live,10000.0,156.0,0,0,0.06694538873592122,0.9104991394148021,0.7672319734345351,0.6486486486486487
EColi,4,2,64,random_live,100000.0,1562.0,0,0,0.01641294890230937,0.9104991394148021,0.7672319734345351,0.6486486486486487
EColi,4,2,64,random_live,inf,inf,0,0,0.0,0.9104991394148021,0.7672319734345351,0.6486486486486487
EColi,4,2,64,random_all,1000.0,15.0,30,450,0.1910355285503585,0.9294320137693631,0.7929435483870968,0.7132867132867133
EColi,4,2,64,random_all,10000.0,156.0,30,4680,0.06631110021760564,0.9294320137693631,0.7929435483870968,0.7132867132867133
EColi,4,2,64,random_all,100000.0,1562.0,30,46860,0.020612105894489613,0.9294320137693631,0.7929435483870968,0.7132867132867133
EColi,4,2,64,random_all,inf,inf,30,0,0.0,0.9294320137693631,0.7929435483870968,0.7132867132867133
20News,4,0,16,spectral,1000.0,62.0,0,0,0.0971396891501859,0.7717996289424861,0.7605123180291153,0.8075117370892019
20News,4,0,16,spectral,10000.0,625.0,0,0,0.03678863316942908,0.7717996289424861,0.7605123180291153,0.8075117370892019
20News,4,0,16,spectral,100000.0,6250.0,0,0,0.013067485591748003,0.7717996289424861,0.7605123180291153,0.8075117370892019
20News,4,0,16,spectral,inf,inf,0,0,0.0,0.7717996289424861,0.7605123180291153,0.8075117370892019
20News,4,0,16,random_live,1000.0,62.0,0,0,0.09477602699508625,0.6048237476808905,0.5989641657334827,0.6479338842975206
20News,4,0,16,random_live,10000.0,625.0,0,0,0.0318803721594625,0.6122448979591837,0.6069918812989922,0.6533996683250415
20News,4,0,16,random_live,100000.0,6250.0,0,0,0.008965472723905101,0.6122448979591837,0.6069918812989922,0.6533996683250415
20News,4,0,16,random_live,inf,inf,0,0,0.0,0.6122448979591837,0.6069918812989922,0.6533996683250415
20News,4,0,16,random_all,1000.0,62.0,6,372,0.0764233786728796,0.5974025974025974,0.5730683090705487,0.6813509544787077
20News,4,0,16,random_all,10000.0,625.0,6,3750,0.02785341245784399,0.5974025974025974,0.5730683090705487,0.6813509544787077
20News,4,0,16,random_all,100000.0,6250.0,6,37500,0.010485802232076381,0.5974025974025974,0.5730683090705487,0.6813509544787077
20News,4,0,16,random_all,inf,inf,6,0,0.0,0.5974025974025974,0.5730683090705487,0.6813509544787077
20News,4,0,32,spectral,1000.0,31.0,0,0,0.15034060706390492,0.7699443413729128,0.7627309630459127,0.8006430868167203
20News,4,0,32,spectral,10000.0,312.0,0,0,0.04935932606119198,0.7736549165120594,0.7665033594624859,0.8038585209003215
20News,4,0,32,spectral,100000.0,3125.0,0,0,0.011397150275418592,0.7699443413729128,0.7627309630459127,0.8006430868167203
20News,4,0,32,spectral,inf,inf,0,0,0.0,0.7699443413729128,0.7627309630459127,0.8006430868167203
20News,4,0,32,random_live,1000.0,31.0,0,0,0.1115683703967621,0.7272727272727273,0.7200727883538633,0.7625201938610663
20News,4,0,32,random_live,10000.0,312.0,0,0,0.040765048834257044,0.7217068645640075,0.7136898096304591,0.7588424437299035
20News,4,0,32,random_live,100000.0,3125.0,0,0,0.014084306116682873,0.7272727272727273,0.7200727883538633,0.7625201938610663
20News,4,0,32,random_live,inf,inf,0,0,0.0,0.7272727272727273,0.7200727883538633,0.7625201938610663
20News,4,0,32,random_all,1000.0,31.0,19,589,0.09355791342659783,0.6066790352504638,0.5923992161254199,0.66875
20News,4,0,32,random_all,10000.0,312.0,19,5928,0.0482391398751678,0.6066790352504638,0.5923992161254199,0.66875
20News,4,0,32,random_all,100000.0,3125.0,19,59375,0.016892121886311756,0.6066790352504638,0.5923992161254199,0.66875
20News,4,0,32,random_all,inf,inf,19,0,0.0,0.6066790352504638,0.5923992161254199,0.66875
20News,4,0,64,spectral,1000.0,15.0,0,0,0.19973322255559933,0.7884972170686456,0.7835246360582306,0.8143322475570033
20News,4,0,64,spectral,10000.0,156.0,0,0,0.0620264788805861,0.7903525046382189,0.785169372900336,0.816260162601626
20News,4,0,64,spectral,100000.0,1562.0,0,0,0.016232970270625677,0.7755102040816326,0.7700797872340426,0.8032520325203252
20News,4,0,64,spectral,inf,inf,0,0,0.0,0.7884972170686456,0.7835246360582306,0.8143322475570033
20News,4,0,64,random_live,1000.0,15.0,0,0,0.19447620184404335,0.7309833024118738,0.7296402575587906,0.7563025210084033
20News,4,0,64,random_live,10000.0,156.0,0,0,0.06594420491833247,0.7421150278293135,0.7409574468085106,0.7663865546218488
20News,4,0,64,random_live,100000.0,1562.0,0,0,0.018336223706264775,0.7309833024118738,0.7296402575587906,0.7563025210084033
20News,4,0,64,random_live,inf,inf,0,0,0.0,0.7309833024118738,0.7296402575587906,0.7563025210084033
20News,4,0,64,random_all,1000.0,15.0,26,390,0.19758434107573042,0.6938775510204082,0.6846724524076148,0.736
20News,4,0,64,random_all,10000.0,156.0,26,4056,0.08111663193226396,0.6938775510204082,0.6846724524076148,0.736
20News,4,0,64,random_all,100000.0,1562.0,26,40612,0.017972412600189766,0.6938775510204082,0.6846724524076148,0.736
20News,4,0,64,random_all,inf,inf,26,0,0.0,0.6938775510204082,0.6846724524076148,0.736
20News,4,1,16,spectral,1000.0,62.0,0,0,0.11616004045758446,0.7161410018552876,0.7062760220191691,0.7567567567567568
20News,4,1,16,spectral,10000.0,625.0,0,0,0.026255856156074554,0.7291280148423006,0.7183195014949563,0.7697160883280757
20News,4,1,16,spectral,100000.0,6250.0,0,0,0.009663170129882721,0.7291280148423006,0.7183195014949563,0.7697160883280757
20News,4,1,16,spectral,inf,inf,0,0,0.0,0.7291280148423006,0.7183195014949563,0.7697160883280757
20News,4,1,16,random_live,1000.0,62.0,0,0,0.08581963976906143,0.6326530612244898,0.6199667477016795,0.6886792452830188
20News,4,1,16,random_live,10000.0,625.0,0,0,0.03196862390752141,0.6326530612244898,0.6199667477016795,0.6886792452830188
20News,4,1,16,random_live,100000.0,6250.0,0,0,0.010609052478139064,0.6326530612244898,0.6199667477016795,0.6886792452830188
20News,4,1,16,random_live,inf,inf,0,0,0.0,0.6326530612244898,0.6199667477016795,0.6886792452830188
20News,4,1,16,random_all,1000.0,62.0,6,372,0.09120152966492068,0.6178107606679035,0.603543186073155,0.6791277258566978
20News,4,1,16,random_all,10000.0,625.0,6,3750,0.03405184641229064,0.6178107606679035,0.603543186073155,0.6791277258566978
20News,4,1,16,random_all,100000.0,6250.0,6,37500,0.008707685520301678,0.6178107606679035,0.603543186073155,0.6791277258566978
20News,4,1,16,random_all,inf,inf,6,0,0.0,0.6178107606679035,0.603543186073155,0.6791277258566978
20News,4,1,32,spectral,1000.0,31.0,0,0,0.17370630601762715,0.7402597402597403,0.7346103333612765,0.7712418300653595
20News,4,1,32,spectral,10000.0,312.0,0,0,0.035029206266125316,0.7402597402597403,0.7346103333612765,0.7712418300653595
20News,4,1,32,spectral,100000.0,3125.0,0,0,0.012754745348470285,0.7402597402597403,0.7346103333612765,0.7712418300653595
20News,4,1,32,spectral,inf,inf,0,0,0.0,0.7402597402597403,0.7346103333612765,0.7712418300653595
20News,4,1,32,random_live,1000.0,31.0,0,0,0.1621335098739016,0.6437847866419295,0.628084220527007,0.7046153846153846
20News,4,1,32,random_live,10000.0,312.0,0,0,0.04268984609192285,0.640074211502783,0.6270433397602482,0.6959247648902821
20News,4,1,32,random_live,100000.0,3125.0,0,0,0.011559949381421963,0.6437847866419295,0.628084220527007,0.7046153846153846
20News,4,1,32,random_live,inf,inf,0,0,0.0,0.6437847866419295,0.628084220527007,0.7046153846153846
20News,4,1,32,random_all,1000.0,31.0,16,496,0.12049367185906584,0.634508348794063,0.6211683013384748,0.6917057902973396
20News,4,1,32,random_all,10000.0,312.0,16,4992,0.03377359989892953,0.6419294990723562,0.630061195406153,0.6951026856240127
20News,4,1,32,random_all,100000.0,3125.0,16,50000,0.015785249386292964,0.634508348794063,0.6211683013384748,0.6917057902973396
20News,4,1,32,random_all,inf,inf,16,0,0.0,0.634508348794063,0.6211683013384748,0.6917057902973396
20News,4,1,64,spectral,1000.0,15.0,0,0,0.18569368063413577,0.7476808905380334,0.7403246989130131,0.7806451612903226
20News,4,1,64,spectral,10000.0,156.0,0,0,0.06360537932192567,0.7291280148423006,0.7205898790063431,0.7660256410256411
20News,4,1,64,spectral,100000.0,1562.0,0,0,0.016286058607487424,0.7476808905380334,0.7403246989130131,0.7806451612903226
20News,4,1,64,spectral,inf,inf,0,0,0.0,0.7476808905380334,0.7403246989130131,0.7806451612903226
20News,4,1,64,random_live,1000.0,15.0,0,0,0.22617607580776833,0.7272727272727273,0.7162097968536061,0.768503937007874
20News,4,1,64,random_live,10000.0,156.0,0,0,0.06259464393914763,0.725417439703154,0.7145541677145333,0.7665615141955836
20News,4,1,64,random_live,100000.0,1562.0,0,0,0.01960853818177587,0.7272727272727273,0.7162097968536061,0.768503937007874
20News,4,1,64,random_live,inf,inf,0,0,0.0,0.7272727272727273,0.7162097968536061,0.768503937007874
20News,4,1,64,random_all,1000.0,15.0,31,465,0.1816382988153665,0.6660482374768089,0.6565792047391511,0.7115384615384616
20News,4,1,64,random_all,10000.0,156.0,31,4836,0.07215345950889358,0.6660482374768089,0.6565792047391511,0.7115384615384616
20News,4,1,64,random_all,100000.0,1562.0,31,48422,0.01912557494634448,0.6660482374768089,0.6565792047391511,0.7115384615384616
20News,4,1,64,random_all,inf,inf,31,0,0.0,0.6660482374768089,0.6565792047391511,0.7115384615384616
20News,4,2,16,spectral,1000.0,62.0,0,0,0.06466209936613677,0.7402597402597403,0.7339510351441305,0.77491961414791
20News,4,2,16,spectral,10000.0,625.0,0,0,0.021932921544401053,0.7365491651205937,0.7319061318892086,0.7694805194805194
20News,4,2,16,spectral,100000.0,6250.0,0,0,0.005731781839997556,0.7365491651205937,0.7319061318892086,0.7694805194805194
20News,4,2,16,spectral,inf,inf,0,0,0.0,0.7365491651205937,0.7319061318892086,0.7694805194805194
20News,4,2,16,random_live,1000.0,62.0,0,0,0.11658221077840933,0.660482374768089,0.6496023015738703,0.7099841521394612
20News,4,2,16,random_live,10000.0,625.0,0,0,0.02738350628728641,0.660482374768089,0.6496023015738703,0.7099841521394612
20News,4,2,16,random_live,100000.0,6250.0,0,0,0.009362804420730255,0.660482374768089,0.6496023015738703,0.7099841521394612
20News,4,2,16,random_live,inf,inf,0,0,0.0,0.660482374768089,0.6496023015738703,0.7099841521394612
20News,4,2,16,random_all,1000.0,62.0,10,620,0.06971080501295329,0.6567717996289425,0.6463868674902691,0.7058823529411765
20News,4,2,16,random_all,10000.0,625.0,10,6250,0.024348817032275778,0.6567717996289425,0.6463868674902691,0.7058823529411765
20News,4,2,16,random_all,100000.0,6250.0,10,62500,0.00886183708176838,0.6567717996289425,0.6463868674902691,0.7058823529411765
20News,4,2,16,random_all,inf,inf,10,0,0.0,0.6567717996289425,0.6463868674902691,0.7058823529411765
20News,4,2,32,spectral,1000.0,31.0,0,0,0.11971982348218704,0.7291280148423006,0.7254752637220059,0.761437908496732
20News,4,2,32,spectral,10000.0,312.0,0,0,0.04209682971784497,0.7291280148423006,0.7254752637220059,0.761437908496732
20News,4,2,32,spectral,100000.0,3125.0,0,0,0.013358686718285469,0.7291280148423006,0.7254752637220059,0.761437908496732
20News,4,2,32,spectral,inf,inf,0,0,0.0,0.7291280148423006,0.7254752637220059,0.761437908496732
20News,4,2,32,random_live,1000.0,31.0,0,0,0.1413944642435719,0.6753246753246753,0.6648050995656343,0.722662440570523
20News,4,2,32,random_live,10000.0,312.0,0,0,0.04232850677559015,0.6641929499072357,0.6539882664861512,0.712241653418124
20News,4,2,32,random_live,100000.0,3125.0,0,0,0.01354012245129227,0.6753246753246753,0.6648050995656343,0.722662440570523
20News,4,2,32,random_live,inf,inf,0,0,0.0,0.6753246753246753,0.6648050995656343,0.722662440570523
20News,4,2,32,random_all,1000.0,31.0,14,434,0.16587118148265234,0.673469387755102,0.6737321599819484,0.7037037037037037
20News,4,2,32,random_all,10000.0,312.0,14,4368,0.045167626859492944,0.6883116883116883,0.6848381000733345,0.7236842105263158
20News,4,2,32,random_all,100000.0,3125.0,14,43750,0.013189551590158857,0.673469387755102,0.6737321599819484,0.7037037037037037
20News,4,2,32,random_all,inf,inf,14,0,0.0,0.673469387755102,0.6737321599819484,0.7037037037037037
20News,4,2,64,spectral,1000.0,15.0,0,0,0.20518191990311677,0.7662337662337663,0.7605559316297175,0.797427652733119
20News,4,2,64,spectral,10000.0,156.0,0,0,0.06332361622880095,0.7662337662337663,0.7605559316297175,0.797427652733119
20News,4,2,64,spectral,100000.0,1562.0,0,0,0.01941300350201331,0.7662337662337663,0.7605559316297175,0.797427652733119
20News,4,2,64,spectral,inf,inf,0,0,0.0,0.7662337662337663,0.7605559316297175,0.797427652733119
20News,4,2,64,random_live,1000.0,15.0,0,0,0.19867316825291623,0.7068645640074211,0.7073531900490777,0.7348993288590604
20News,4,2,64,random_live,10000.0,156.0,0,0,0.06694538873592122,0.7068645640074211,0.7079384554634174,0.734006734006734
20News,4,2,64,random_live,100000.0,1562.0,0,0,0.01641294890230937,0.7068645640074211,0.7073531900490777,0.7348993288590604
20News,4,2,64,random_live,inf,inf,0,0,0.0,0.7068645640074211,0.7073531900490777,0.7348993288590604
20News,4,2,64,random_all,1000.0,15.0,30,450,0.1910355285503585,0.7050092764378478,0.701648615106899,0.7389162561576355
20News,4,2,64,random_all,10000.0,156.0,30,4680,0.06631110021760564,0.7050092764378478,0.7004780842782197,0.7406199021207178
20News,4,2,64,random_all,100000.0,1562.0,30,46860,0.020612105894489613,0.7050092764378478,0.701648615106899,0.7389162561576355
20News,4,2,64,random_all,inf,inf,30,0,0.0,0.7050092764378478,0.701648615106899,0.7389162561576355
