dataset,n_qubits,seed,k,arm,accuracy,balanced,f1
EColi,4,0,8,spectral,0.891566265060241,0.6651778656126481,0.46153846153846156
EColi,4,0,8,random_live,0.9025817555938038,0.6987588932806323,0.5088755317981949
EColi,4,0,8,random_all,0.8950086058519794,0.6592042160737813,0.3917621179826221
EColi,4,0,16,spectral,0.9173838209982789,0.8049275362318841,0.6712328767123288
EColi,4,0,16,random_live,0.9352839931153184,0.8208827404479578,0.7265104390438297
EColi,4,0,16,random_all,0.9043029259896731,0.6747615283267457,0.4702832941297551
EColi,4,0,32,spectral,0.9397590361445783,0.863201581027668,0.7651006711409396
EColi,4,0,32,random_live,0.9452667814113598,0.8481923583662713,0.7718353254784078
EColi,4,0,32,random_all,0.9304647160068846,0.7908590250329381,0.6897139881266707
EColi,4,0,64,spectral,0.9345955249569707,0.8375230566534915,0.7361111111111112
EColi,4,0,64,random_live,0.9394148020654045,0.8414255599472991,0.7514638808562
EColi,4,0,64,random_all,0.9449225473321858,0.8457233201581028,0.7693560797068904
EColi,4,0,128,spectral,0.9432013769363167,0.8538208168642951,0.7692307692307693
EColi,4,0,128,random_live,0.9442340791738382,0.8555494071146246,0.7731113956466069
EColi,4,0,128,random_all,0.9387263339070568,0.8398945981554679,0.7485012420692199
EColi,4,1,8,spectral,0.9173838209982789,0.7943992018121022,0.6571428571428571
EColi,4,1,8,random_live,0.9025817555938038,0.7085158019631107,0.5232297062994391
EColi,4,1,8,random_all,0.8712564543889846,0.5486678891166002,0.17317819435466494
EColi,4,1,16,spectral,0.9173838209982789,0.8002642649120915,0.6619718309859155
EColi,4,1,16,random_live,0.9170395869191049,0.7836452378384209,0.6466646605208201
EColi,4,1,16,random_all,0.8915662650602411,0.7092546650846725,0.5110709890403555
EColi,4,1,32,spectral,0.9208261617900172,0.8022327688490993,0.6714285714285714
EColi,4,1,32,random_live,0.9153184165232359,0.7850070111099127,0.6440478092590769
EColi,4,1,32,random_all,0.8970740103270224,0.7006741451839069,0.5100759889286208
EColi,4,1,64,spectral,0.9173838209982789,0.788534138712113,0.6521739130434783
EColi,4,1,64,random_live,0.9132530120481928,0.7908639844676948,0.6451341421539205
EColi,4,1,64,random_all,0.9170395869191049,0.7965483766583971,0.6582259570494864
EColi,4,1,128,spectral,0.9104991394148021,0.7904621939380865,0.6388888888888888
EColi,4,1,128,random_live,0.9122203098106713,0.7961384963865819,0.6473533793192784
EColi,4,1,128,random_all,0.9094664371772806,0.791044655376982,0.6373799931253348
EColi,4,2,8,spectral,0.9139414802065404,0.744876660341556,0.6323529411764706
EColi,4,2,8,random_live,0.887091222030981,0.6609108159392789,0.45994755372374174
EColi,4,2,8,random_all,0.8774526678141136,0.6055479127134725,0.32227946916471506
EColi,4,2,16,spectral,0.919104991394148,0.8015180265654649,0.6967741935483871
EColi,4,2,16,random_live,0.9111876075731498,0.7305906072106263,0.587589224822103
EColi,4,2,16,random_all,0.887091222030981,0.653111954459203,0.43946883062222525
EColi,4,2,32,spectral,0.927710843373494,0.7968097722960152,0.7123287671232876
EColi,4,2,32,random_live,0.92736660929432,0.7985578747628084,0.7129096675187612
EColi,4,2,32,random_all,0.921170395869191,0.7744568311195446,0.6767675136590714
EColi,4,2,64,spectral,0.919104991394148,0.7722722960151802,0.6713286713286714
EColi,4,2,64,random_live,0.9187607573149741,0.773045540796964,0.6708196472539985
EColi,4,2,64,random_all,0.9259896729776248,0.7987262808349146,0.7079673810924936
EColi,4,2,128,spectral,0.9242685025817556,0.7947936432637571,0.7027027027027027
EColi,4,2,128,random_live,0.9235800344234079,0.7934155597722959,0.6999944472619448
EColi,4,2,128,random_all,0.9173838209982789,0.7741888045540797,0.6685479353124254
EColi,4,3,8,spectral,0.9139414802065404,0.7836683884778259,0.6753246753246753
EColi,4,3,8,random_live,0.8860585197934595,0.6792009865512588,0.4905990201580771
EColi,4,3,8,random_all,0.8740103270223752,0.6171901903299363,0.32369705720572056
EColi,4,3,16,spectral,0.9139414802065404,0.7931383498534134,0.6835443037974683
EColi,4,3,16,random_live,0.9029259896729777,0.75730373679557,0.6267029129851812
EColi,4,3,16,random_all,0.8702237521514629,0.6424263576713667,0.3972350499184075
EColi,4,3,32,spectral,0.9122203098106713,0.7873912234166318,0.6751592356687898
EColi,4,3,32,random_live,0.9170395869191049,0.7978012006142678,0.6936110530517767
EColi,4,3,32,random_all,0.9132530120481928,0.7861045185909069,0.6754580134790164
EColi,4,3,64,spectral,0.9156626506024096,0.7941504956024013,0.6878980891719745
EColi,4,3,64,random_live,0.9149741824440619,0.7909046488901298,0.68350634872374
EColi,4,3,64,random_all,0.9142857142857143,0.7942877751407698,0.6844766794570571
EColi,4,3,128,spectral,0.9139414802065404,0.7789334077900321,0.6710526315789473
EColi,4,3,128,random_live,0.9160068846815836,0.782041974963935,0.678093412338794
EColi,4,3,128,random_all,0.9146299483648882,0.7897552236027735,0.6816594843971195
EColi,4,4,8,spectral,0.9053356282271945,0.8228609625668449,0.6927374301675978
EColi,4,4,8,random_live,0.889156626506024,0.6966370090355891,0.5049331298110462
EColi,4,4,8,random_all,0.8719449225473322,0.6398188272174072,0.3760335030446461
EColi,4,4,16,spectral,0.9173838209982789,0.815957495851005,0.7108433734939759
EColi,4,4,16,random_live,0.9139414802065404,0.7961921445694266,0.6877957800998331
EColi,4,4,16,random_all,0.8908777969018933,0.7004517794578646,0.5161157019300258
EColi,4,4,32,spectral,0.9259896729776248,0.8163608703669556,0.7295597484276729
EColi,4,4,32,random_live,0.9173838209982789,0.8066222570532915,0.7035219268348103
EColi,4,4,32,random_all,0.9049913941480208,0.7713143094228287,0.6486263921114658
EColi,4,4,64,spectral,0.9242685025817556,0.8153466715839941,0.725
EColi,4,4,64,random_live,0.9239242685025817,0.8104762124285451,0.7205135400782643
EColi,4,4,64,random_all,0.9222030981067126,0.8178637285635256,0.7221502886696176
EColi,4,4,128,spectral,0.9225473321858864,0.8049972340033191,0.7133757961783439
EColi,4,4,128,random_live,0.9222030981067124,0.8047943942467268,0.7124727888414093
EColi,4,4,128,random_all,0.921514629948365,0.8043887147335423,0.7107217571977315
EColi,6,0,8,spectral,0.9156626506024096,0.752832674571805,0.6201550387596899
EColi,6,0,8,random_live,0.8746987951807229,0.5589591567852438,0.2004879682755789
EColi,6,0,8,random_all,0.8716006884681583,0.5208379446640317,0.08290107725388615
EColi,6,0,16,spectral,0.9225473321858864,0.7681422924901187,0.6511627906976745
EColi,6,0,16,random_live,0.8922547332185886,0.6701159420289855,0.4655580789957442
EColi,6,0,16,random_all,0.8846815834767641,0.603304347826087,0.3298820043813786
EColi,6,0,32,spectral,0.927710843373494,0.7767852437417655,0.671875
EColi,6,0,32,random_live,0.9160068846815836,0.7700658761528327,0.6384025960010025
EColi,6,0,32,random_all,0.8925989672977626,0.6657707509881423,0.4589086340716876
EColi,6,0,64,spectral,0.9345955249569707,0.8034519104084321,0.7121212121212122
EColi,6,0,64,random_live,0.9394148020654045,0.8300685111989461,0.7428475188370314
EColi,6,0,64,random_all,0.9318416523235801,0.7950566534914361,0.695881385592234
EColi,6,0,128,spectral,0.9259896729776248,0.8098682476943346,0.6950354609929078
EColi,6,0,128,random_live,0.9318416523235801,0.846163372859025,0.7342902042510653
EColi,6,0,128,random_all,0.9325301204819277,0.8317944664031621,0.7269756121772184
EColi,6,1,8,spectral,0.9001721170395869,0.7376361773271491,0.5671641791044776
EColi,6,1,8,random_live,0.8753872633390705,0.5803554093409556,0.2655782985130811
EColi,6,1,8,random_all,0.8750430292598967,0.5391031172473304,0.1323362794312219
EColi,6,1,16,spectral,0.9104991394148021,0.7611368784381405,0.6119402985074627
EColi,6,1,16,random_live,0.8946643717728054,0.6922581167080142,0.4854798282559635
EColi,6,1,16,random_all,0.880895008605852,0.5940621292201489,0.30186147076680026
EColi,6,1,32,spectral,0.9156626506024096,0.7758197605436307,0.6370370370370371
EColi,6,1,32,random_live,0.8960413080895009,0.7376199978427354,0.5550931626077029
EColi,6,1,32,random_all,0.8843373493975903,0.6464701758170639,0.3886626978738454
EColi,6,1,64,spectral,0.9122203098106713,0.7679861935066336,0.6222222222222222
EColi,6,1,64,random_live,0.9053356282271945,0.7722602739726028,0.6122215979403947
EColi,6,1,64,random_all,0.9015490533562822,0.7384235789019522,0.5691714101358469
EColi,6,1,128,spectral,0.9104991394148021,0.778732067738108,0.6285714285714286
EColi,6,1,128,random_live,0.9094664371772806,0.7945636932369755,0.6400055477540264
EColi,6,1,128,random_all,0.9122203098106713,0.7844083701866034,0.6371780057779541
EColi,6,2,8,spectral,0.8932874354561101,0.7132827324478178,0.5571428571428572
EColi,6,2,8,random_live,0.8674698795180722,0.5841034155597722,0.27045496217119225
EColi,6,2,8,random_all,0.8571428571428571,0.5322367172675522,0.1130952380952381
EColi,6,2,16,spectral,0.9122203098106713,0.7536171726755219,0.6382978723404256
EColi,6,2,16,random_live,0.885025817555938,0.6597011385199242,0.45153428284602104
EColi,6,2,16,random_all,0.865748709122203,0.5986930740037951,0.31270428014910445
EColi,6,2,32,spectral,0.9122203098106713,0.7536171726755219,0.6382978723404256
EColi,6,2,32,random_live,0.9022375215146299,0.7214492409867173,0.5818515416618308
EColi,6,2,32,random_all,0.8722891566265061,0.6200711574952562,0.3651285449876609
EColi,6,2,64,spectral,0.9104991394148021,0.7526091081593929,0.6338028169014085
EColi,6,2,64,random_live,0.9084337349397591,0.7572485768500948,0.6340419103666266
EColi,6,2,64,random_all,0.89776247848537,0.7012808349146109,0.5472397022272781
EColi,6,2,128,spectral,0.9087779690189329,0.7662239089184061,0.6442953020134228
EColi,6,2,128,random_live,0.9025817555938037,0.7684440227703984,0.6335722759785435
EColi,6,2,128,random_all,0.9163511187607574,0.7735839658444023,0.6668655454056548
EColi,6,3,8,spectral,0.8709122203098106,0.6684001116850482,0.46808510638297873
EColi,6,3,8,random_live,0.866092943201377,0.5954883894085345,0.2997955602173138
EColi,6,3,8,random_all,0.8547332185886404,0.549981385825306,0.1785592352338682
EColi,6,3,16,spectral,0.9036144578313253,0.7444506491693424,0.6164383561643836
EColi,6,3,16,random_live,0.8822719449225472,0.6987551770673368,0.5249724530228864
EColi,6,3,16,random_all,0.857487091222031,0.5421308576480991,0.1552066980638409
EColi,6,3,32,spectral,0.8984509466437177,0.7556191539857602,0.6193548387096774
EColi,6,3,32,random_live,0.8881239242685025,0.7145074224021591,0.5484594646005958
EColi,6,3,32,random_all,0.8664371772805508,0.5956908185583322,0.2948792399122092
EColi,6,3,64,spectral,0.9036144578313253,0.7397156684815487,0.6111111111111112
EColi,6,3,64,random_live,0.8984509466437176,0.7594071385359952,0.6224006071166452
EColi,6,3,64,random_all,0.8836488812392427,0.7052468704918796,0.5294805647522686
EColi,6,3,128,spectral,0.9104991394148021,0.7721741356042626,0.6578947368421053
EColi,6,3,128,random_live,0.9074010327022375,0.7855042114570245,0.6637979478099615
EColi,6,3,128,random_all,0.9122203098106713,0.7836032388663968,0.6721152317854319
EColi,6,4,8,spectral,0.8812392426850258,0.7059745528305366,0.5369127516778524
EColi,6,4,8,random_live,0.8537005163511188,0.559054029135165,0.2099409763905562
EColi,6,4,8,random_all,0.848881239242685,0.5291420800295039,0.11925097411983868
EColi,6,4,16,spectral,0.8709122203098106,0.7045569795316245,0.5222929936305732
EColi,6,4,16,random_live,0.8674698795180722,0.6259796238244514,0.38589724656380275
EColi,6,4,16,random_all,0.8454388984509468,0.527113682463581,0.11658959296164209
EColi,6,4,32,spectral,0.9053356282271945,0.7901876267748479,0.6666666666666666
EColi,6,4,32,random_live,0.8925989672977626,0.747208648349622,0.60170910592357
EColi,6,4,32,random_all,0.8777969018932874,0.6824751060298728,0.4971555534555453
EColi,6,4,64,spectral,0.9053356282271945,0.7761847685782777,0.6540880503144654
EColi,6,4,64,random_live,0.9111876075731498,0.8095058085930298,0.6935631240548223
EColi,6,4,64,random_all,0.89776247848537,0.7605200073759912,0.6259093121255788
EColi,6,4,128,spectral,0.9087779690189329,0.7922160243407708,0.6748466257668712
EColi,6,4,128,random_live,0.9043029259896731,0.8110501567398118,0.682022543207815
EColi,6,4,128,random_all,0.9053356282271945,0.7976558178130185,0.6742527743053957
20News,4,0,8,spectral,0.7272727272727273,0.7152435610302352,0.7699530516431925
20News,4,0,8,random_live,0.6408163265306122,0.6239179731243001,0.70423567530756
20News,4,0,8,random_all,0.5766233766233766,0.5442161254199328,0.6793245697081515
20News,4,0,16,spectral,0.7717996289424861,0.7605123180291153,0.8075117370892019
20News,4,0,16,random_live,0.6467532467532467,0.6302435610302352,0.7081620359482622
20News,4,0,16,random_all,0.6000000000000001,0.5800069988801793,0.6753102656206913
20News,4,0,32,spectral,0.7699443413729128,0.7627309630459127,0.8006430868167203
20News,4,0,32,random_live,0.6983302411873841,0.6903583426651736,0.7378127640145351
20News,4,0,32,random_all,0.6374768089053804,0.6247242441209406,0.6924272273820622
20News,4,0,64,spectral,0.7866419294990723,0.7818798992161253,0.8123980424143556
20News,4,0,64,random_live,0.7358070500927643,0.7293770996640537,0.7689523112735109
20News,4,0,64,random_all,0.7020408163265307,0.692778555431131,0.7433645489088871
20News,4,0,128,spectral,0.7922077922077922,0.7882628779395296,0.8163934426229508
20News,4,0,128,random_live,0.7747680890538033,0.7707740761478163,0.8006453151857625
20News,4,0,128,random_all,0.7254174397031539,0.7207460806270997,0.7566022859249756
20News,4,1,8,spectral,0.686456400742115,0.6734288987621203,0.7363494539781591
20News,4,1,8,random_live,0.5996289424860853,0.5810517785788136,0.6728872199609447
20News,4,1,8,random_all,0.5810760667903525,0.5539609355352502,0.6757852170467483
20News,4,1,16,spectral,0.7291280148423006,0.7183195014949563,0.7697160883280757
20News,4,1,16,random_live,0.6564007421150279,0.6426118422890994,0.7115539908857987
20News,4,1,16,random_all,0.6166975881261595,0.5987355743705816,0.6861221510814305
20News,4,1,32,spectral,0.7402597402597403,0.7346103333612765,0.7712418300653595
20News,4,1,32,random_live,0.6827458256029685,0.6737502445021935,0.7253531482385959
20News,4,1,32,random_all,0.6311688311688312,0.6201861010981642,0.6837447002965609
20News,4,1,64,spectral,0.7476808905380334,0.7403246989130131,0.7806451612903226
20News,4,1,64,random_live,0.715769944341373,0.7068530471959091,0.7547959577904862
20News,4,1,64,random_all,0.6871985157699443,0.6774513091346018,0.7308858018866123
20News,4,1,128,spectral,0.7569573283858998,0.7513272976220415,0.7862969004893964
20News,4,1,128,random_live,0.7554730983302413,0.7487313829044066,0.7866697947646253
20News,4,1,128,random_all,0.7272727272727273,0.7193883253695476,0.7633347243162756
20News,4,2,8,spectral,0.725417439703154,0.715821910080668,0.7658227848101266
20News,4,2,8,random_live,0.6144712430426715,0.5959186551587974,0.6823324249149072
20News,4,2,8,random_all,0.5684601113172543,0.5318172843684774,0.6731234746296273
20News,4,2,16,spectral,0.7365491651205937,0.7319061318892086,0.7694805194805194
20News,4,2,16,random_live,0.6489795918367347,0.6320260055282901,0.7091683805464737
20News,4,2,16,random_all,0.6222634508348793,0.6004470581598691,0.6938701565489891
20News,4,2,32,spectral,0.7291280148423006,0.7254752637220059,0.761437908496732
20News,4,2,32,random_live,0.712430426716141,0.7073771647768939,0.7483685306941907
20News,4,2,32,random_all,0.6619666048237477,0.6524101652845942,0.7092044383796827
20News,4,2,64,spectral,0.7662337662337663,0.7605559316297175,0.797427652733119
20News,4,2,64,random_live,0.7346938775510203,0.7327565295876346,0.7641226100157491
20News,4,2,64,random_all,0.7035250463821893,0.7002453883905906,0.7373949266839971
20News,4,2,128,spectral,0.7588126159554731,0.7552955942911942,0.7882736156351792
20News,4,2,128,random_live,0.7528756957328385,0.7493315281773565,0.7829214063854494
20News,4,2,128,random_all,0.7428571428571428,0.7400645907372934,0.7727633269831673
20News,4,3,8,spectral,0.7068645640074211,0.6977394060727394,0.7476038338658147
20News,4,3,8,random_live,0.6174397031539888,0.5999624624624624,0.6908198581127397
20News,4,3,8,random_all,0.608534322820037,0.5882437993549103,0.6894888948011154
20News,4,3,16,spectral,0.7291280148423006,0.7239044600155711,0.759075907590759
20News,4,3,16,random_live,0.6296846011131725,0.6180374819263708,0.685827193609215
20News,4,3,16,random_all,0.5974025974025974,0.5820876431987543,0.6686759790854646
20News,4,3,32,spectral,0.7421150278293135,0.738307752196641,0.7679465776293823
20News,4,3,32,random_live,0.6808905380333952,0.6715854743632521,0.7249213760247388
20News,4,3,32,random_all,0.6515769944341374,0.6425383717050384,0.6988604968019747
20News,4,3,64,spectral,0.7439703153988868,0.7422074852630408,0.7653061224489796
20News,4,3,64,random_live,0.7343228200371057,0.7287815593371149,0.7644880809055756
20News,4,3,64,random_all,0.7094619666048239,0.7053358914470026,0.7383803974792654
20News,4,3,128,spectral,0.7717996289424861,0.7693874429985541,0.7925801011804384
20News,4,3,128,random_live,0.7658627087198515,0.7633925592258926,0.7871839658163825
20News,4,3,128,random_all,0.7435992578849723,0.7394380491602714,0.7700838152758867
20News,4,4,8,spectral,0.7217068645640075,0.7088768115942029,0.7670807453416149
20News,4,4,8,random_live,0.6089053803339518,0.5911719620958751,0.6810893748925494
20News,4,4,8,random_all,0.5658627087198516,0.5297658862876254,0.6869764323605068
20News,4,4,16,spectral,0.7217068645640075,0.7133988294314382,0.7588424437299035
20News,4,4,16,random_live,0.6341372912801484,0.6233695652173913,0.6866548572045527
20News,4,4,16,random_all,0.609647495361781,0.5951295986622074,0.6743907559760876
20News,4,4,32,spectral,0.7328385899814471,0.7263099219620959,0.7654723127035831
20News,4,4,32,random_live,0.6697588126159555,0.6604919175027871,0.7146171915274667
20News,4,4,32,random_all,0.634508348794063,0.620497491638796,0.6955393286242927
20News,4,4,64,spectral,0.7606679035250464,0.7538600891861762,0.7909238249594813
20News,4,4,64,random_live,0.7324675324675324,0.7263865663322185,0.7641733548464634
20News,4,4,64,random_all,0.6805194805194805,0.6712597547380156,0.7238786483539992
20News,4,4,128,spectral,0.7829313543599258,0.7776268115942029,0.8085106382978723
20News,4,4,128,random_live,0.766604823747681,0.7609378483835004,0.7944235337739034
20News,4,4,128,random_all,0.725417439703154,0.718634336677815,0.7592702221860843
20News,6,0,8,spectral,0.6289424860853432,0.6116531354983203,0.6941896024464832
20News,6,0,8,random_live,0.5551020408163264,0.5232054871220605,0.6619666627691896
20News,6,0,8,random_all,0.5721706864564007,0.5235596304591266,0.7037494618192521
20News,6,0,16,spectral,0.6586270871985158,0.6423152295632699,0.7177914110429447
20News,6,0,16,random_live,0.5428571428571429,0.5165999440089586,0.6400260493944648
20News,6,0,16,random_all,0.5658627087198516,0.5363185890257559,0.6653380668587043
20News,6,0,32,spectral,0.7179962894248608,0.7113661814109742,0.7532467532467533
20News,6,0,32,random_live,0.6085343228200372,0.590760078387458,0.6778425260869498
20News,6,0,32,random_all,0.587012987012987,0.5636646136618142,0.6707700855982931
20News,6,0,64,spectral,0.738404452690167,0.7333216685330347,0.7692307692307693
20News,6,0,64,random_live,0.6311688311688312,0.6193253079507278,0.6850175755704783
20News,6,0,64,random_all,0.6103896103896104,0.5947228443449049,0.6748615194205401
20News,6,0,128,spectral,0.764378478664193,0.7611772116461366,0.7900826446280992
20News,6,0,128,random_live,0.6738404452690168,0.6653639417693169,0.7164296428074417
20News,6,0,128,random_all,0.6423005565862708,0.6317049272116462,0.6925932278314357
20News,6,1,8,spectral,0.6289424860853432,0.6148391874144242,0.6884735202492211
20News,6,1,8,random_live,0.5636363636363637,0.5260471679660211,0.681512525181432
20News,6,1,8,random_all,0.5628942486085343,0.5180288931734988,0.6935254514830935
20News,6,1,16,spectral,0.6827458256029685,0.6683013384748652,0.7357032457496137
20News,6,1,16,random_live,0.5688311688311689,0.5447592701260234,0.6592864149759501
20News,6,1,16,random_all,0.5651205936920223,0.5295512336882109,0.6789626651653826
20News,6,1,32,spectral,0.7235621521335807,0.7088118590549641,0.7711213517665131
20News,6,1,32,random_live,0.6040816326530611,0.5865691452203314,0.6745607464134185
20News,6,1,32,random_all,0.5807050092764379,0.5576256741274765,0.6662480666316685
20News,6,1,64,spectral,0.7402597402597403,0.7282532763293934,0.78125
20News,6,1,64,random_live,0.6256029684601113,0.6108600888590828,0.6869193923432132
20News,6,1,64,random_all,0.6204081632653061,0.6084947047810657,0.6761240563445454
20News,6,1,128,spectral,0.7569573283858998,0.7454243160924358,0.7949921752738655
20News,6,1,128,random_live,0.6638218923933209,0.6556822309777294,0.7068856972349347
20News,6,1,128,random_all,0.6170686456400742,0.6036982703216252,0.6764038152976686
20News,6,2,8,spectral,0.673469387755102,0.658515259209116,0.7275541795665634
20News,6,2,8,random_live,0.5784786641929499,0.5397966378969933,0.6833475297603713
20News,6,2,8,random_all,0.576252319109462,0.5176171941106787,0.7092352410681648
20News,6,2,16,spectral,0.6938775510204082,0.6855643932983584,0.736
20News,6,2,16,random_live,0.5914656771799629,0.5648629209680149,0.675802437464011
20News,6,2,16,random_all,0.5758812615955474,0.544569019010549,0.6707185375328528
20News,6,2,32,spectral,0.7439703153988868,0.7389222654707508,0.7766990291262136
20News,6,2,32,random_live,0.6,0.5820908783212049,0.6681661608351991
20News,6,2,32,random_all,0.5766233766233767,0.5488407513961753,0.6646731082205621
20News,6,2,64,spectral,0.7606679035250464,0.7557327805043155,0.7915993537964459
20News,6,2,64,random_live,0.6230055658627087,0.6115078693518361,0.6771130093286828
20News,6,2,64,random_all,0.6204081632653061,0.6023509336041067,0.6859160829505986
20News,6,2,128,spectral,0.764378478664193,0.758362949173577,0.7961476725521669
20News,6,2,128,random_live,0.6816326530612244,0.6765922039826254,0.7197742611656259
20News,6,2,128,random_all,0.6267161410018554,0.619639532915891,0.672716529473248
20News,6,3,8,spectral,0.6382189239332097,0.6230814147480814,0.7022900763358778
20News,6,3,8,random_live,0.5595547309833023,0.5291332999666333,0.676794050551336
20News,6,3,8,random_all,0.5584415584415584,0.5266460905349793,0.6779942487149186
20News,6,3,16,spectral,0.6660482374768089,0.6524719163608053,0.7222222222222222
20News,6,3,16,random_live,0.5755102040816327,0.5558183183183184,0.6619240571651833
20News,6,3,16,random_all,0.5558441558441559,0.5239864864864866,0.6770333485695393
20News,6,3,32,spectral,0.6808905380333952,0.6718802135468802,0.7243589743589743
20News,6,3,32,random_live,0.5903525046382189,0.5760371482593705,0.6593694575526255
20News,6,3,32,random_all,0.5666048237476808,0.5486681125570014,0.6493729741778486
20News,6,3,64,spectral,0.7773654916512059,0.7704023467912358,0.8058252427184466
20News,6,3,64,random_live,0.6163265306122448,0.6066121677232788,0.6688925720111717
20News,6,3,64,random_all,0.604452690166976,0.5901276276276276,0.6716436075324914
20News,6,3,128,spectral,0.738404452690167,0.7338241018796574,0.7661691542288557
20News,6,3,128,random_live,0.6571428571428571,0.6509954398843287,0.6957241845825951
20News,6,3,128,random_all,0.6211502782931355,0.6087198309420531,0.6806164188746272
20News,6,4,8,spectral,0.6660482374768089,0.6562430323299888,0.7124600638977636
20News,6,4,8,random_live,0.5714285714285714,0.5430044593088071,0.6749081715203307
20News,6,4,8,random_all,0.568460111317254,0.5275027870680045,0.698474505744114
20News,6,4,16,spectral,0.6808905380333952,0.6708542363433668,0.7261146496815286
20News,6,4,16,random_live,0.5810760667903525,0.5584420289855072,0.6697175056075817
20News,6,4,16,random_all,0.5617810760667903,0.5203316610925307,0.693404608284735
20News,6,4,32,spectral,0.7235621521335807,0.7167154403567447,0.7577235772357723
20News,6,4,32,random_live,0.6103896103896104,0.5946474358974358,0.6778788614110134
20News,6,4,32,random_all,0.5825602968460112,0.5588754180602008,0.6734291363992371
20News,6,4,64,spectral,0.7551020408163265,0.7492544593088071,0.7843137254901961
20News,6,4,64,random_live,0.614100185528757,0.6016095317725754,0.6729258103970959
20News,6,4,64,random_all,0.6248608534322819,0.6106507803790413,0.686720192446238
20News,6,4,128,spectral,0.7866419294990723,0.7830267558528428,0.8092868988391376
20News,6,4,128,random_live,0.6782931354359926,0.6699108138238573,0.7203294276760632
20News,6,4,128,random_all,0.6385899814471243,0.6268896321070235,0.6923942575053165
